product_id,product_name,price
168feb7b-a977-4538-898c-4050a75c047d,"Pepper - Black, Whole",$25.29
74859e39-890c-402b-9b31-27b06e4b42b4,Bouq All Italian - Primerba,$31.71
29a89ee7-9839-4d44-9431-a8ebc110a503,Wine - Pinot Noir Mondavi Coastal,$58.85
69a78a8f-3222-4fa0-87ba-565c93f3d6c7,"Beans - Kidney, Canned",$95.70
a344b158-80e5-4908-8d39-a8e161bdeec2,Chinese Foods - Chicken Wing,$68.47
935316a6-9eef-48e1-9502-4d581236bedb,"Ranchero - Primerba, Paste",$96.37
79f16b1e-0510-42b6-9c47-6b5c9036f54c,Wine - Lamancha Do Crianza,$74.30
94570341-36c5-43d2-87d0-12c066c5ab49,Longos - Grilled Chicken With,$14.56
caaace12-7bf0-43ed-9b77-f4cd3ed0f6cf,"Red Snapper - Fresh, Whole",$93.30
97d6cffa-f82e-48a1-ae5a-62852e7f6dd4,Green Tea Refresher,$40.73
66fe7b67-1a7c-474e-b1be-623e2e2e02b7,Cheese - Pont Couvert,$27.43
37b36698-f567-4a4d-81c9-5590b125f04c,Wine - Periguita Fonseca,$81.90
9c9cd208-d655-42e1-86a9-a735f4daea6d,Rice - 7 Grain Blend,$96.99
5972dbea-8f96-4b56-9e3d-b0f777ad47ce,Mushroom - Portebello,$65.84
adb2c53b-3caa-42dd-af2c-f9a0adc5527f,Tea - Apple Green Tea,$45.45
00378e44-ee78-40ef-a22d-c7c870ba5f7a,Cheese - Cheddar With Claret,$12.12
8cf88383-0c8e-4e45-8d94-dea9bb4d3848,Corn Kernels - Frozen,$10.56
dc13e563-a2be-4db2-9ca5-04efaae6f45b,Tea Peppermint,$19.71
18c71a8c-0b2c-4f12-bc4a-e5f45a429cbc,Bread - 10 Grain,$41.35
dc890628-9f25-4dd2-8ebd-24c1d508e034,Bread Base - Gold Formel,$63.72
e0477a87-2e3b-42e5-91dd-cbd44bf5914e,Kellogs Special K Cereal,$18.87
d9d7203e-fdd4-44a0-a35e-e2963fb8a3fd,Kirsch - Schloss,$91.97
a7dc43a4-baca-4bab-b1ca-eeb96dae79af,Beets - Golden,$91.33
0dc02e1a-c580-4804-864b-c98b8a875645,Sugar - Palm,$90.46
d7b9c527-1c40-45b4-873b-89d28d5e06d5,Trout Rainbow Whole,$40.53
080f6b7c-bbce-43ca-8e39-21787068f63e,Soup - Base Broth Beef,$31.88
a8e20cab-1d8b-48dd-b268-a99756fc4e2d,Jameson - Irish Whiskey,$15.85
48f7abe9-bc04-4893-b150-e777adbc3ae0,Rhubarb,$39.31
e2ad9c68-57cc-4342-904b-ad7854527699,"7up Diet, 355 Ml",$84.13
5cd7c90b-2235-4ad4-b0a5-9d7ef4161a55,"Crab - Dungeness, Whole",$38.11
2ad0b13b-5b93-4b77-8fc1-f78b7cc63951,Mustard Prepared,$34.18
bf47e3a0-bd85-4a88-a7a6-6b8084b8895d,Soup - Campbells Bean Medley,$14.36
10b36733-7d40-4550-a202-9fbcad0867be,"Iced Tea - Lemon, 340ml",$21.36
b3b87311-d5bd-42aa-b84e-4a45a3b14246,"Cake Circle, Foil, Scallop",$50.10
94727c06-e362-4c03-88fc-e436d8327130,Muffin Mix - Raisin Bran,$41.76
87c499e9-9754-44af-a8bf-3bfb34e5957c,"Nut - Hazelnut, Ground, Natural",$23.41
acbcdd3a-62d5-4391-81c8-65179bf73c35,Roe - Flying Fish,$39.81
506a9deb-181b-486c-a53f-493bfa491828,Glaze - Clear,$57.80
d7414330-4c25-4921-aec6-910f82c0e220,Wine - Trimbach Pinot Blanc,$80.24
d1a4fa89-055b-48e9-815b-d5642533179e,Bread - Flat Bread,$97.58
c9c17c79-cc59-4b52-914c-c371c41a10fe,Juice - Lagoon Mango,$80.04
493b35eb-210d-487e-b736-9acb32e5e419,Table Cloth 81x81 Colour,$95.76
1d0985a8-7a48-49c0-9fc5-fe895538cd18,Petit Baguette,$77.63
bebab5a4-5bb5-4ee7-bd9e-d6797d485aed,"Tomatoes - Diced, Canned",$49.00
e8320313-86fb-45e3-9243-fd3c55dfa0dc,Table Cloth 81x81 Colour,$96.50
cd5d3edc-b0ef-4464-87ca-f54d1c38ea20,Anisette - Mcguiness,$28.84
72fd31a0-eb82-4e89-ade5-3f9955571258,Cheese - Colby,$76.49
afca926a-930a-479e-b037-f22da28acfe8,Chocolate - Milk,$41.05
89bdf4a2-40b6-4a3b-bfe8-8b8a217f1371,Beer - Fruli,$96.93
b14ffc00-239b-40ec-8276-2ba1145b0b55,"Wine - Bourgogne 2002, La",$92.37
3e26496a-e659-4aa5-9398-efd8901b2887,Puree - Raspberry,$69.46
455facc3-917a-4a54-b75f-92b4dec8c46f,"Olives - Green, Pitted",$16.02
c3d1fb50-a804-4a8e-8550-2c456a52e0cb,Wine - Balbach Riverside,$50.43
c3b772c9-7f90-4f5b-8f07-be73ac813e6d,Papayas,$12.08
c690e3e8-2289-4ff9-97fc-7b0352d9f7fe,Bread - Wheat Baguette,$61.96
80c2646d-2bbe-46f2-8730-140333721f31,Sauce - Hoisin,$95.25
9dd728dd-6b12-40b0-be91-baa9f1f1f757,"Lemonade - Natural, 591 Ml",$94.86
bb201dde-89f8-43ae-9ead-d056cbd402fa,Green Scrubbie Pad H.duty,$75.42
9a0cd0fb-8583-4c8e-9e3a-37171a3033a3,Spice - Pepper Portions,$83.80
9740a72e-9bc8-49f4-ac46-ad5f700cd682,Wine - Jaboulet Cotes Du Rhone,$33.32
8490d6c8-2b64-46c0-8aca-496801d06793,Sobe - Cranberry Grapefruit,$35.46
3ffd4017-da0b-4ae5-8bc6-79264926b388,Mudslide,$28.07
c4eb263a-5017-496a-a37e-a295fcf864e6,Sausage - Chorizo,$88.25
15f2eb07-6787-45bf-a1bb-10adf0125490,Sauce - Hp,$33.09
557e9d63-dd92-4904-bbac-89cc8497eb4b,Crab Brie In Phyllo,$71.27
bba70910-4899-42a7-8092-856b5bd5f00c,Truffle Paste,$27.66
4e278442-3a20-4a36-b37c-fe9ff99ad59f,Lamb Rack - Ontario,$49.57
074ae63d-3510-4601-9d11-0419b355b880,Mcgillicuddy Vanilla Schnap,$30.48
c823eed6-aa58-4454-97d0-96ebd68e07e7,Mushroom - White Button,$39.71
728edad8-0c2b-42ce-8ba0-69bb0590d600,Longos - Lasagna Beef,$84.30
8ae3d0fe-e61c-4b27-9c1f-f248a001056f,"Extract - Vanilla,artificial",$41.08
fca05842-c230-4a6c-ba4a-9fb7c8042bd4,"Nut - Almond, Blanched, Sliced",$57.92
d695d44b-8bb2-46e8-833f-494c84d76f6a,Rhubarb,$57.06
5c9c2627-b63e-4ba3-b956-05d49384cda3,Tea - Mint,$25.55
60aab557-9edf-4d35-946f-492383a1d390,Wine - Lou Black Shiraz,$71.24
6db9eb63-cf45-4bb5-a593-3efda6325b3c,Canada Dry,$64.52
62fffad9-b177-4e5d-92bf-0177ce8a5707,Toamtoes 6x7 Select,$19.12
1ecaf5c4-c98b-45e3-b7eb-203285740cbc,Dill Weed - Fresh,$39.26
ccc3724e-f9a4-413d-89e1-bea75eaf949d,Table Cloth 120 Round White,$34.88
ff65ddb1-9750-440e-a7b2-67ba71b84291,Wine - Maipo Valle Cabernet,$89.76
3e3f36d1-11d5-4d88-b4ee-41ddaefd9fc4,Cheese - Marble,$56.34
5bd6552c-eceb-47f1-b80a-267ae7e2bce6,Piping - Bags Quizna,$44.97
31282576-aeae-4186-9d4e-b0f8925b9546,Tomato - Tricolor Cherry,$48.70
2a6052cd-fee4-492a-bd44-30916d961a6d,Melon - Honey Dew,$17.39
160cd299-c430-45f4-b721-4860b379cf69,Wine - Vouvray Cuvee Domaine,$22.71
86cd9cc6-6472-496f-b586-caeb75897622,Aromat Spice / Seasoning,$52.05
d8e9a0aa-1f7d-413e-9d31-62c92ea62ef2,Lighter - Bbq,$96.09
ba122b61-d477-47eb-8856-10f91283002c,Celery Root,$32.11
37e4efa3-3e6c-42ad-bceb-80be7cd5f6b1,Wine - Ej Gallo Sierra Valley,$28.67
61806399-2bf8-43c0-9566-507359de0c6c,Tuna - Salad Premix,$23.59
766c824e-6d98-4167-9853-adaa45e3b967,Truffle Paste,$17.41
e2a9de1d-0fcb-45d3-9d24-0a4941a0f9b4,"Wine - White, Colubia Cresh",$53.21
a7e71839-1323-46a9-a72e-e8c23743c8f1,"Pasta - Lasagna Noodle, Frozen",$68.04
448fe72e-771b-44dd-bc6f-6f7c6cca96fc,Bread - Olive Dinner Roll,$93.83
426cfb65-858a-4595-8b1c-dc196ebd5bfd,Mushroom - Porcini Frozen,$58.78
9cb47b54-faaf-4036-921c-8b20d8309528,Sweet Pea Sprouts,$56.08
4792d4fd-a812-4316-b583-319c91e9faa8,Duck - Fat,$47.38
e65877ae-bcea-4097-8eec-2306fc0735d6,"Salmon - Atlantic, Fresh, Whole",$46.05
bbdf8e34-9c3d-482a-acbf-384cffc3cb57,"Pepper - Paprika, Spanish",$86.19
e35944ea-2497-4432-a613-cf4191b2a5f7,Sugar - Monocystal / Rock,$73.58
4c7e24c0-4739-4b4a-9ed0-777f7a4c4e78,Pastry - Trippleberry Muffin - Mini,$64.25
4c17dd4d-d6d3-4ecf-8daf-dbbd4653c5fd,Bread - French Stick,$55.21
ed9745d3-9a56-4396-ac22-d4867a83168b,Wine - Soave Folonari,$19.67
d4bddaae-f9e4-43ac-a6b5-13ee1c383c1e,Coffee Cup 16oz Foam,$98.62
b3d22319-93f6-46b8-97ed-0bdac1060860,Beets - Pickled,$72.89
64087b69-6fce-4c6b-b880-fd369b670a1d,Beef - Top Butt Aaa,$21.39
d5a97611-380f-4c61-8006-b5c715e7b2ef,"Pork - Tenderloin, Frozen",$68.07
df9022d5-9eed-4a6b-b55f-c2bf70a1a647,Jolt Cola - Electric Blue,$34.28
39fd2929-d36e-4c62-96dd-ffd9dffcf3d6,Soup Campbells Beef With Veg,$54.83
9c0f487d-9e0a-46c2-b36b-9e661abc1de8,Langers - Mango Nectar,$55.21
bf693212-d75f-4e27-9510-ea8b652bf027,Brandy - Bar,$65.91
a61b5dd0-eebd-4f8d-ba1b-4a0aa92bd6eb,"Radish - Black, Winter, Organic",$26.92
8ac30b26-d950-480c-9d89-49432abd6e5b,"Wine - Mas Chicet Rose, Vintage",$71.20
cefce426-48f4-4b3d-bacb-d4c790a7f8d2,Cheese - Brie,$85.42
abbe4464-0c8f-4027-9d34-23090dadc249,Squash - Guords,$73.30
90c3e1be-cd2b-40d0-9663-3630f867b08a,Pork - Backfat,$27.99
dbd8a2d2-7bb9-4cac-ae18-c1f1f0f8da78,Sauce - Vodka Blush,$43.34
3d4fbed9-9b9c-413c-be4b-672a77861555,Pumpkin - Seed,$47.73
4834f03a-0c78-4dc2-8e54-ecee90809458,Tomatoes - Grape,$73.81
604ca3b5-d7f4-4e06-8517-aae2be83d27d,Juice - Mango,$98.73
bd08d480-0235-4954-8c45-7cd102d6a425,Tea - Black Currant,$51.84
18e5e6f8-75ff-4497-93b9-ed4da13ddff4,Wine - Sogrape Mateus Rose,$71.00
d53c4f5e-82e2-423f-916e-e0e5d7604b37,"Jam - Raspberry,jar",$26.74
41f19927-5eeb-4f01-a6ba-32b554620029,"Wine - Sherry Dry Sack, William",$24.42
29cbc06e-9d30-427c-b3e2-bf7f5ccbef36,Sterno - Chafing Dish Fuel,$18.62
55257471-fa6e-4812-a71d-62b0414a8ee4,"Turnip - White, Organic",$79.48
d003ba51-8539-415c-9d38-48054d5af2cf,Appetizer - Tarragon Chicken,$93.44
0973e201-bdfd-4dcf-bbdc-06323dbb55dd,"Bread - Bagels, Mini",$39.50
4c68e9aa-5d51-45ea-af77-0b00fb18d0e4,Clementine,$67.12
365ec5e4-e0d7-4f7b-b6e8-813a5fe4d8aa,"Stock - Veal, White",$94.51
66d634e2-0278-4b42-950b-af8c9e0ddc70,Flower - Potmums,$14.36
231ed421-477b-43b6-bfd9-0a5c4062be4d,Creme De Menthe Green,$12.95
3d53ee12-d1cd-4088-844e-1c998382629a,Truffle - Peelings,$53.90
822bf8d8-bf4a-4c36-a23a-bb8ab4655882,Tuna - Fresh,$67.29
ffe4a4b0-2292-4c5d-bc22-20c56aaa9fac,Chicken - Wieners,$76.93
864f1458-49ed-4c22-8c67-4bdfd29fe5f2,"Extract - Vanilla,artificial",$25.03
f897c360-5d40-4179-a488-21d1342c2d77,Shichimi Togarashi Peppeers,$69.28
fb63ddcb-bfe5-4e1e-9c60-23dfa2487f54,Veal - Provimi Inside,$54.76
4e1b5f15-228a-4828-a085-c59d3c6279c6,"Chicken - Leg, Fresh",$20.71
eee437f0-5e1d-4fc0-be24-15b2701f7a0a,Foam Tray S2,$14.48
e0bf3855-4793-4f6e-a9c5-a17d6bba2da3,"Juice - Apple, 500 Ml",$72.32
04c5a94e-a790-4613-9e18-584b2f7a8ebc,Broom And Brush Rack Black,$33.20
04e18160-eccb-4a6c-b5fb-e06c46ecd504,Transfer Sheets,$59.29
791fe4da-7565-493b-82fb-bd88cabedbe2,Mcgillicuddy Vanilla Schnap,$25.26
0fc68079-16d9-4075-9c89-e4bf88f520f6,"Wine - Magnotta - Red, Baco",$59.55
f04bb439-59bf-4136-bb17-3592dd2ac8f4,Beef - Top Butt,$18.24
2b507c4b-aab5-4be3-b658-b8ff72a0ee3c,Wine - Sauvignon Blanc Oyster,$59.58
8326ebc6-16df-42d8-bd0d-2088b9c6cd25,Pastry - Choclate Baked,$73.23
d008bf4f-8298-4cb2-b814-0158bba87b96,Bread - Pain Au Liat X12,$75.63
932f99c6-9e19-4c2c-bd2c-39cc840b680f,Containter - 3oz Microwave Rect.,$93.75
4bf9a3f6-cadf-48c2-a0b6-e0663d0e2438,"Roe - Lump Fish, Black",$91.52
188d2368-b81d-4330-8281-12713e455cba,Lettuce - Escarole,$22.76
5b565841-810e-4e12-a9f9-35920d64319a,Pork - Shoulder,$80.55
cb6cd29a-ebb7-41d7-b52d-a0cc3159270b,Wine - Mondavi Coastal Private,$75.49
ea0b8b66-e0fe-4141-b077-40225316be83,Table Cloth 144x90 White,$99.31
857029e9-2e40-4916-b4d4-1b5373cf8a4b,Wine - Stoneliegh Sauvignon,$64.70
1821b465-035c-473f-88cc-afba951702ac,Bay Leaf Fresh,$81.59
472b798f-313e-4468-b53d-af4dc5bce8e2,Wine - Port Late Bottled Vintage,$82.04
adc055f5-deff-4af0-9f87-c47a483d119d,Veal - Liver,$91.86
1a825f2c-f71f-4e0c-8b91-23cb6ba34894,"Juice - Pineapple, 341 Ml",$57.32
e6bce01c-a6a0-415b-9d18-1753cda66e47,Flounder - Fresh,$49.89
d40267fd-5447-4ec6-9796-de6c519d8245,Sausage - Blood Pudding,$68.87
a87fd952-3957-4359-96de-f10836089777,Lid - 3oz Med Rec,$97.85
f0ca03c5-d128-4985-93f0-0ebab4068449,Lettuce - Escarole,$63.30
468acd34-579e-42a6-b3ff-20c4ba38e623,"Tart Shells - Sweet, 4",$78.34
69821f57-3728-4709-a75c-3238a536035c,Sprouts - Pea,$39.98
ccff4c46-521b-4f27-8465-69bb94898560,Fib N9 - Prague Powder,$90.48
433a117e-8033-4fa6-8962-35011464e63e,Icecream - Dibs,$68.06
31c1740f-47e8-4829-bf87-5e5014a8c67e,Wine - Ice Wine,$18.03
f2f0294c-9ba6-441d-8b30-2d7ffc927697,Chicken - Livers,$55.54
d13e7fed-5c02-4659-b541-f854a2621b7d,Truffle Cups - Red,$39.25
54712c88-b608-4d11-8d11-916fd6b950bf,Eel Fresh,$57.73
a4c91bfd-7d8a-4874-ba04-4826a4a72605,"Chicken - Thigh, Bone In",$13.28
0404a576-2f50-43a6-b1d6-891ee81d979e,Yeast Dry - Fleischman,$74.90
a6312877-5d33-428a-a638-09cbc47be751,"Chocolate - Semi Sweet, Calets",$49.36
98e2348f-59c8-44a3-ae48-93eb34d3a7f8,Sauce - Demi Glace,$16.62
7169a7ee-246f-44ea-9886-588c0c250eb1,Flavouring - Raspberry,$77.66
cbd12f8a-9280-4576-98cb-8f43fade39ef,Flour - Masa De Harina Mexican,$27.93
fcf0f9b1-902d-4d08-be28-8a2256f05ebb,Ice Cream - Fudge Bars,$94.69
8c55a30e-4b89-4b05-a828-af4b7bab159d,Glucose,$90.51
134245ef-e315-47c8-aaab-0d1976e5b75b,Sping Loaded Cup Dispenser,$14.77
193d4283-8150-4e95-97fe-a48a9f028807,Apple - Granny Smith,$53.33
6574e686-be14-4eec-97bf-ce66e5e64e8f,Sauce - Caesar Dressing,$67.46
e2523bfb-fcbd-4d44-8695-37317752ecfc,"Sole - Dover, Whole, Fresh",$77.01
9702e076-af31-4139-beae-67dfa01c177a,Gatorade - Xfactor Berry,$66.08
6844fa90-2259-461d-a078-97aea4d79e23,Cheese - Cheddar With Claret,$36.83
956a7f39-b187-4acf-80b3-9ccb71da76cb,Mussels - Cultivated,$66.68
c74f2671-9519-4cde-8e29-7a0fafd05f50,Crackers - Soda / Saltins,$31.30
7916ba68-59e2-4871-9075-b4ebb7b8cc1b,Cup - 4oz Translucent,$57.99
d64bc833-c85c-46fa-a4a0-7804166bedc7,Wine - Balbach Riverside,$77.39
ee68a202-6225-4e5f-8e92-9111355c381b,Wine - Casillero Deldiablo,$62.51
bdd0a1ff-ee15-4e0c-866d-8d2c8cbee77a,Tomatoes - Roma,$22.53
776ed661-7174-40c7-8370-9629ee553a7e,Compound - Orange,$54.10
9dee7691-b9fa-4c83-83cd-c8a0a7327fe8,Bread - Kimel Stick Poly,$74.63
8a30eaad-4b9a-4f85-b65e-3062b7acb388,Daikon Radish,$83.46
a5dcdf12-9568-4fd7-af20-84e6ad84113f,Corn - On The Cob,$85.90
c3e57f75-6398-4301-b362-caa9f08db06d,"Sole - Dover, Whole, Fresh",$11.67
d5026638-7ef7-4149-a3e3-d2b3ec860c7c,Roe - Flying Fish,$55.13
98ad54b9-fd0e-4810-bdc2-0f5b07430d1c,Sprouts - Brussel,$23.81
f1505f7c-0923-402d-a6f5-5a6b6d01bdfc,Cookies - Amaretto,$96.02
a582805c-af1d-4714-b870-0bd3445614dc,Relish,$30.05
9928d30a-c07a-482f-af0a-aada13d562f5,Pernod,$93.79
419055b1-e28e-41a6-a441-1c6df9aa3654,Sauce - Rosee,$76.31
3864ca30-6b3e-4806-b3d2-2900692aa477,Milk - 1%,$44.79
5144db23-bafb-4f5a-ac8d-303498ec15b3,"Salmon - Atlantic, Skin On",$37.59
e81c0aa9-fb1c-4280-9ecf-a777a95a8a3b,Garam Masala Powder,$13.37
5b4c0e38-3ed4-40d1-8117-9b2a0ee03043,Dr. Pepper - 355ml,$89.39
1d1008dd-c756-4e07-b4c0-1cb48de74fdf,"Nut - Cashews, Whole, Raw",$55.09
9418c2c0-6211-4737-98c1-c9358c99d184,Ketchup - Tomato,$32.89
0eda98ba-659c-452c-8ea3-1c396513fe91,Onions - Vidalia,$62.79
7326a805-fa01-4ae4-9bcd-f78b91d5e424,Wine - Zinfandel Rosenblum,$37.20
1f5fc683-d0ce-407b-8ee8-bfea6360fb5e,Wine - Zinfandel Rosenblum,$63.35
2fcab204-05a8-4169-b5f0-42e1373bb76c,Compound - Raspberry,$20.63
b60725d5-492c-4e68-8be8-5fde0b3f957e,Beef - Shank,$88.33
172f54d3-6419-431e-bdcf-be115d4c1387,Appetizer - Crab And Brie,$28.15
bd72f620-9de9-42d4-ae26-7cbb2caa3bc7,Napkin White - Starched,$20.86
5e78983d-531b-42c7-b277-d6cd040cec55,Pastry - Cherry Danish - Mini,$76.47
5544a6f6-c995-46c0-b2d7-de041cc0ef75,"Cheese - Havarti, Roasted Garlic",$94.94
057d46fe-511b-443b-be05-6d67ba5f7114,Loquat,$37.84
1a2b3e2c-9f7e-4304-8aaa-0532c76171a8,Salt - Kosher,$48.38
797c94db-d0c1-43f0-abdc-25057b633215,Bread - Pain Au Liat X12,$75.61
829c32cc-02a5-46f6-9b7c-eb3c3ea3e98a,Crackers - Melba Toast,$17.31
2dbd92f0-2f54-492b-a4ff-f7d3c5d61c0f,Eel Fresh,$29.08
913bef03-df8c-4508-8be4-1a283758398d,Apples - Sliced / Wedge,$95.25
d29c1fba-f657-4ab5-b342-5e45219a1811,Teriyaki Sauce,$78.45
a358cfcb-df25-48f2-ab16-bb37721fc387,Beer - Labatt Blue,$49.33
278561b4-9d9d-48cb-b37a-9e3f7b90a9be,Energy Drink Bawls,$41.37
e654fb87-6a3f-4060-accb-9245abeb605b,Flower - Daisies,$64.46
de6f3869-6a1f-43d1-8d2f-53eaf95c1a9a,Thyme - Fresh,$34.94
01e37ebc-b54a-41e7-a206-531d50a58588,Sprouts - Brussel,$51.44
bec3873c-371e-4cb1-a467-58538c221d90,Pectin,$51.59
86b93054-3867-449b-9079-7eb94a7b5cd9,"Tart Shells - Savory, 3",$46.66
1a467585-9651-4540-ac4d-f3e1881f638f,Ecolab - Balanced Fusion,$19.96
78789033-1175-41cf-9fdb-6e55d7070b63,Tart - Lemon,$31.48
cf413bcf-5aa6-49d8-97f5-34cda7eaa3ca,Juice - Lemon,$23.82
2b99398a-42d8-4304-bbd3-522f7cfaff9d,Magnotta Bel Paese Red,$80.12
6361dc8d-4a1e-4574-b23d-8cabc592e689,Island Oasis - Strawberry,$10.35
4fa36ffd-517f-45f9-a2bb-9d5dba34dca3,Wine - German Riesling,$21.19
1e263ab9-9aea-40f0-b136-7976c07a017f,Tea - Black Currant,$19.35
fe67d8f6-57ba-4eef-bbc8-0f4f4909e7ff,Onions - Spanish,$75.77
967a8b58-551c-451e-b870-03f107e7eae7,Shrimp - Black Tiger 8 - 12,$85.65
e06c9212-22bc-4cd3-9cae-f726beb3ea06,Rootbeer,$11.27
5860007e-2e23-407c-8a62-28d42e144932,Bacardi Mojito,$63.91
ebc9d06f-d778-4d79-bfa5-5957ad24575a,Bread - Italian Roll With Herbs,$81.50
d94c9d11-3be0-4b9d-8b3e-cee13b91d807,Beets,$34.21
bffd022d-3198-440c-88da-6faa49caa9b7,Burger Veggie,$71.68
cc336e18-637a-4297-96cb-327fa4b6d7b8,Capicola - Hot,$96.52
c73b1384-0ae6-4c86-b4a1-173a717b3c96,Chicken - White Meat With Tender,$20.54
52bfddf3-3d11-449d-8e4e-23e1af074320,Pasta - Fusili Tri - Coloured,$94.04
bd3d07ba-fec3-43e0-ad54-fb64017a0383,"Iced Tea - Lemon, 460 Ml",$12.97
aa654f5c-7188-4e56-8d5f-b74025dbdd13,"Apple - Delicious, Red",$47.67
0a423331-55ca-44d1-9dc3-49e284452c67,Veal - Osso Bucco,$23.08
7b608ea0-dfca-44ff-81c5-0482283a8474,Wine - Pinot Noir Stoneleigh,$70.67
560e1d2a-7715-4dac-9872-31acf0ac9847,Sugar Thermometer,$11.05
33e592d5-283b-4f3d-a7f6-3dbb0dbfccd2,"Juice - Apple, 1.36l",$36.80
0398221d-cfa7-4099-b693-b6b2d63a0419,Blueberries,$50.73
56531258-aecc-48f3-8729-9588fcbbd1ac,Oil - Coconut,$92.14
eca664d1-7935-47f5-87f1-8346c71c0313,Quail - Jumbo Boneless,$86.95
e15cdcfc-4286-41b9-9a0a-999f6a085119,Cookies Oatmeal Raisin,$59.08
6f4faffb-3f60-45f7-8bd5-28e9a6172e19,Chocolate - Dark,$58.83
d8351015-f3b5-4b1c-81e8-8b0fce0020bd,Wine - Remy Pannier Rose,$13.10
622a2cd6-8e7e-404d-a6ad-ba8089af8bbb,Beer - Corona,$94.12
7f7064da-fb47-4650-9da7-72d78bce96ad,Praline Paste,$24.27
96d69247-f57e-4b7d-b3fd-bc6c6c781be4,Flour - Rye,$90.15
23a43776-c1ea-429e-bf5f-cd2d19d64863,Cheese Cloth No 60,$17.20
c68951e2-aff1-48dc-9539-801702270b81,Pepsi - 600ml,$42.12
185978fa-9f41-4573-9c9c-f3d1d0f2fbff,Cheese - Cheddarsliced,$44.17
1dca1b92-a3ba-4c95-acee-fdd6d40ea743,Wine - Chianti Classica Docg,$84.11
e4c9234b-ae69-499d-907c-fec0a9987705,Plate Foam Laminated 9in Blk,$91.97
09cbd81f-9f66-4fe3-996c-3558f46bf94f,Tequila - Sauza Silver,$76.65
e6eefec2-ac6e-434b-af11-a382725b1eed,Cleaner - Lime Away,$33.98
6a6d8135-682a-497e-9f80-5bede708724f,Cheese - Bocconcini,$19.66
5f54de21-6ed1-48c7-9767-c3677083b610,Lettuce - Iceberg,$30.37
dc2c066a-b803-42e1-8c1e-d0622945eb65,Savory,$81.32
c510d0c3-b44b-4afa-be40-59f4e359fbc5,Pastry - Banana Muffin - Mini,$40.04
ce584709-2680-4f3f-b93e-0766dd44a5ea,Gelatine Leaves - Envelopes,$67.25
90c6f601-95a4-45e7-bf30-28f57c1cc354,Mushroom Morel Fresh,$83.92
26523830-f874-42b3-8987-d80051d8f4a1,Ocean Spray - Ruby Red,$15.23
81475c84-7076-42d8-b935-88b67c55cd62,Chocolate - Feathers,$63.07
3bc012ab-8549-421f-93f1-ba4317d97e99,Appetizer - Asian Shrimp Roll,$11.65
238ca68c-4383-4064-82a1-4de02bfc5c2a,Nantucket Orange Juice,$65.28
b3cb86bb-9417-460e-b2ab-0175a1dfb56e,Coffee Guatemala Dark,$98.69
9c8965d2-5c80-4c83-b0e4-ff5b6aba22cd,"Rice Pilaf, Dry,package",$50.43
321f85a6-606d-46f0-9a6b-664af50454fd,Lid - 0090 Clear,$50.38
97d63dea-8d81-4c03-9c23-949c93dd7b09,Beer - Camerons Auburn,$34.82
92dd8888-eb85-4fe5-a265-4c3d23cc4da8,"Shrimp - 16/20, Peeled Deviened",$94.73
1d94dde4-b670-463d-a040-453a611a9de4,"Lid - Translucent, 3.5 And 6 Oz",$80.58
55fad590-5602-4c54-a83e-a4094d7516be,Higashimaru Usukuchi Soy,$59.97
e1439c56-df23-462c-b185-8cada4472cbe,"Napkin - Dinner, White",$67.52
d0c53d15-484a-4c98-9a95-cedb691f689d,Bread - Multigrain Oval,$48.27
bdcca9d7-6a47-4d81-ba6d-3f887d3e3a09,Sesame Seed,$71.06
23ac4153-3bc4-42e5-825c-6e7d85d7417a,Cheese - Parmesan Grated,$67.58
3f08179c-c45e-489e-9e41-a73f9cb87942,Peas - Frozen,$91.86
6666d1bf-af1c-47d0-9fbd-f6c32e6303bd,Pails With Lids,$21.88
2422ab76-b589-4d83-8785-f61437e02afc,Rappini - Andy Boy,$25.77
2880154b-fcdb-4f95-b7ef-8cc7d84ddb50,"Lemonade - Black Cherry, 591 Ml",$13.77
bd4e11f4-4622-49b2-bd2c-7afa7075b9a3,Tray - 16in Rnd Blk,$40.64
738c7231-62de-475d-b1ab-1a1a8a016edd,Spice - Peppercorn Melange,$70.42
88691ee6-1e69-40ba-9042-3b2de98bb86c,Juice - Lagoon Mango,$50.45
3e3a154b-00c7-49a5-b530-8cc5ebb9f272,Eel - Smoked,$39.92
db057a24-c5ca-4733-968b-d1823b2f44f5,"Pork - Loin, Bone - In",$45.83
d5dff448-94ce-4151-a488-b6e0d7264697,Bread - Rye,$65.50
ba5d9893-71c5-4abb-a2e1-d9937bf191ea,Onions - Spanish,$85.79
a286145f-e43f-420d-af49-930ea1e6f900,Pork - Ground,$60.32
5ef7b0a3-5750-4880-b2f2-694b7ae5ef71,Tuna - Sushi Grade,$65.32
777c2766-6367-462c-8293-86db3e71cb75,"Capon - Breast, Wing On",$66.32
b37190f3-cc6c-41a2-99b6-d6c435083c4e,Eggplant - Baby,$25.95
6e0ddfc9-44d2-4490-b7c1-49a809a724f1,Marjoram - Fresh,$77.30
0a6591cf-8122-42ee-a9c3-06d4680a7678,"Wine - White, Pinot Grigio",$20.73
b5135f96-6552-493f-8973-3f12114d8385,Wine - Chablis J Moreau Et Fils,$28.45
25a3a6da-ccc4-4d10-b47e-f3771a023387,Chips Potato Reg 43g,$85.92
c3be48a2-d34b-4199-90c0-c59b9d9af864,Sole - Iqf,$52.06
cc89d2b4-2109-41fe-aee4-4e98f661bd7f,Cheese - Mozzarella,$78.17
c607fee4-995b-4645-ae97-e1db0a140182,Beans - Kidney White,$52.00
8b2e5ed6-b0f9-461c-b63f-b73e1cc45fd7,"Zucchini - Mini, Green",$70.55
7f68eecd-a295-4039-b718-fc9038147e3f,Piping Jelly - All Colours,$71.11
7b6570d6-2ba0-4d71-8b44-dce138c47458,Muffin Mix - Carrot,$22.76
ecd3e738-5aa7-4dba-8ef9-873ced17f60e,Blouse / Shirt / Sweater,$10.04
35935dbd-805d-4846-b9b3-07e685724b10,Shrimp - Black Tiger 16/20,$74.87
56b00657-04cd-46ea-be24-e27141a743b4,Beef Flat Iron Steak,$51.98
065834c5-833f-4622-9aae-26fbeda7db67,Pepper - Jalapeno,$66.92
2258a6f3-c33c-4dbb-9ed8-a39e6c1e5bd7,"Soup - Beef, Base Mix",$36.03
c0dd2779-4a0e-4c1a-ba9a-f751b8e92ba1,Wine - Maipo Valle Cabernet,$98.20
8ccdaaf2-b4ac-40b5-a82e-ff4cffc0d01f,Water - Spring Water 500ml,$85.54
1feeb5fd-1717-4255-811f-f598660a6efc,Beer - Sleemans Cream Ale,$62.27
3e8e8238-923b-483f-bb33-81bd214277b9,Potato - Sweet,$23.05
ee05128f-72c4-4602-80ea-ee8b4404a4eb,Beef - Tenderloin Tails,$30.04
b3c1a4c2-45be-454b-b0a8-9ceb32bd4747,"Coke - Classic, 355 Ml",$69.02
da2b6b9a-420b-4a37-ace7-b548a3891bec,Table Cloth 81x81 White,$48.35
4f8574c3-d03b-4ea8-b893-cd89419f34de,Saskatoon Berries - Frozen,$89.20
e6a68393-12da-45fd-9e49-382d129002b4,Salmon - Fillets,$94.06
3e6c5a8d-f734-4198-adff-d9bc779cbde3,Lemon Pepper,$74.85
7b80a143-2323-4c32-83f1-f9c2035a8a64,Scallops - Live In Shell,$96.94
6f25c23d-b765-43a0-8406-825502a1371d,Tart - Butter Plain Squares,$11.27
f702c7ae-3d9f-40df-bae9-c9a91ecaf04d,Icecream - Dstk Super Cone,$12.86
102a0fb4-f004-4b3f-aff9-d809f104444f,Monkfish - Fresh,$76.52
e65bd063-9064-479c-b78c-f143b86aee8a,Snapple Raspberry Tea,$19.36
e77df984-5291-4f60-991b-9d17a5e8ad44,Carbonated Water - Raspberry,$70.91
98db76fa-8fae-49eb-9bd1-58cc486300fe,Quiche Assorted,$82.27
a8f43377-091f-4be9-b042-8e60db2f0d46,Pizza Pizza Dough,$14.18
38f40fb0-a3a1-442e-8310-126f9a3d479d,Onions - Cooking,$59.51
2604530e-caaf-4985-90fa-901af0c1bc1a,Wine - Pinot Grigio Collavini,$13.56
bd67d44a-30db-4da6-b29d-6b2f04b03a60,Sauce - Caesar Dressing,$27.68
60e32f05-9015-41a7-a38f-e8ee61ba3032,Butter - Salted,$23.03
1f4e5a52-5218-4342-adb3-0fa2cd0b8fc0,Wine La Vielle Ferme Cote Du,$13.90
6bbf0513-595c-4a80-b11d-fb1e83c38bda,Uniform Linen Charge,$70.33
083a7822-3d43-4d79-ab87-a90d7e3342e6,Mustard - Seed,$43.55
9039d02b-22e5-41d6-987b-e9292baad6bd,Sauce - Rosee,$23.08
ad7044c7-591b-49cb-b783-cde686701334,Lotus Rootlets - Canned,$66.59
f35afb62-c703-4bd4-906e-ba45dc86fb60,Sea Urchin,$95.65
b5357da9-a0a6-4eb2-9143-9ddf8ec0484c,"Juice - Tomato, 10 Oz",$49.95
f68dd9ae-c4d3-4c33-8700-ad6af800641c,Oil - Olive Bertolli,$68.70
886943b1-ce31-4a52-a519-67b48d1f277d,Sorrel - Fresh,$86.15
5ae15810-c10b-453f-ae6d-20625a21615b,Sea Bass - Fillets,$54.36
28810121-325b-4f99-9a9c-a7002474c565,Galliano,$36.68
b266fa9f-e771-4b74-8dca-69388488c7b0,"Nut - Hazelnut, Ground, Natural",$70.78
d041434c-b6cf-4e37-8134-a629994ca88b,Muffin Mix - Chocolate Chip,$70.56
7c50b67e-057f-4953-8a98-0a9ecf14ec35,Chocolate - Dark Callets,$50.57
b6e5653c-7da9-4203-932c-52a542e56b40,Appetizer - Mushroom Tart,$63.78
e1b9aa99-91eb-43e9-8121-5f1a3a3d2a84,Trueblue - Blueberry,$94.91
aa3f20da-84f9-4f3e-b8e6-6cd6350ca47b,Potatoes - Parissienne,$16.99
9743b157-84a2-4a7b-bcea-faaff68b6a0e,Cheese - Gouda,$86.83
040f684e-0bd9-4f0c-a389-ed120bbca959,Wine - Domaine Boyar Royal,$36.31
5d8890bc-74d6-4d7b-bcb6-c2b5fc0b8532,Coffee - Frthy Coffee Crisp,$92.78
3d6131f0-a4c4-4a1e-a554-e00b734b005b,Nantucket Cranberry Juice,$55.69
e7eb1641-e477-4d49-b839-35750ae7c7c2,Couscous,$49.61
048c7988-28c6-42d7-a343-e189bb991ba0,Bread - Italian Corn Meal Poly,$60.95
ae7a3f83-3705-4cff-b99d-8fbe13523167,Pastry - Baked Scones - Mini,$54.35
f2e787cc-a203-45c7-b8f0-67d0e4c926ab,Cheese - Oka,$14.15
2c8dd621-632e-4dc0-b236-fdaaf88f11ca,"Red Snapper - Fillet, Skin On",$58.56
a26fdf3c-0de8-4b66-82c5-1d8d2a9d108f,Glaze - Apricot,$47.56
754d1cb9-9780-4239-9d25-e3387b6d1299,Shrimp - 31/40,$36.47
7a3562a4-8fd6-4b24-806a-137791bcffdf,Lemon Tarts,$100.00
85e553f2-2d0c-4658-a4b8-7d12f33e482e,Straw - Regular,$57.70
a52f2926-2991-42e2-bba5-41811923ae11,Bread - Hot Dog Buns,$80.58
9ba381ff-e139-471b-8da4-db04b3d7ddb5,Muffin Chocolate Individual Wrap,$18.20
7dc7b353-951b-48c6-be75-230823cc9621,"Wine - Mas Chicet Rose, Vintage",$68.56
d13d5d6f-028e-4c94-b77b-ea101f0126f0,Bagel - Ched Chs Presliced,$14.90
04abc340-ed46-46ef-9936-2fcbc04bc171,Beer - Blue Light,$17.85
78f0c871-226c-4283-a9a7-3f265a453840,Extract - Lemon,$28.40
9e842a9a-fb75-458a-b757-c845897a36de,"Pork - Tenderloin, Frozen",$99.28
b733b8e7-41c1-41c0-867b-f8a7dd9e1533,"Beans - Black Bean, Dry",$17.08
fe18eaf8-860e-42c3-b0a2-e084ec2ea68b,Pepper - Orange,$38.98
510fcb57-cd42-48d0-a26c-682d6da548be,Sprouts - Brussel,$94.85
226c2e49-a9ab-47d9-9613-32677b7f060e,Pop Shoppe Cream Soda,$93.30
4b813260-b03c-44e7-8bd7-1f1538a4e896,Wine - Toasted Head,$91.63
99857e7e-6ff1-4820-91f0-1d9132d12b81,Pear - Halves,$17.01
764abcba-7e32-40ee-9635-d23cc9cad828,Coffee - Cafe Moreno,$12.71
dda70c2e-418e-41e2-8be2-4fb49bfd36cb,Wine - Domaine Boyar Royal,$43.42
98f72a24-6ed1-42f6-a2b4-5d7dd37af04d,Salmon - Fillets,$86.42
1be5b35f-f261-46ff-9f57-219ac6811204,Pear - Packum,$11.29
5c0a8dec-77c9-43e2-b8bb-fa57f0de1dce,"Soup - Knorr, Ministrone",$80.33
4df000aa-b080-4650-8752-0b7405006d50,Sobe - Orange Carrot,$23.15
1a4ad228-8345-41f5-ba3d-e04fa0ec18ac,Kolrabi,$42.56
c2bdd9c9-f6a6-4110-9b53-ff3bf8ca4054,Cheese - Brie Roitelet,$69.26
4615e771-25aa-4c15-aab1-fb2852636957,Broom - Corn,$39.72
498067cd-8652-40fb-bd2c-1ca990a0f955,"Butter - Salted, Micro",$16.90
e1b6861b-d0d2-43ef-a80c-4a33f2d21495,Gatorade - Xfactor Berry,$94.59
a245041f-1367-42ac-9177-bf563a0df88a,Pie Pecan,$64.07
a253dd95-3401-4411-a45d-6d340c2097a6,"Mop Head - Cotton, 24 Oz",$24.65
0598a18c-7ed2-4985-849b-2e896366cf33,Huck White Towels,$92.70
c52f31ef-d0cb-4d10-9928-977169a702e5,Extract - Raspberry,$46.60
acaaf68a-bafc-4d81-9e06-44f75deaf76a,Ham Black Forest,$65.32
db93f269-a75f-433b-82d5-59b9f508c19f,Wine - Gato Negro Cabernet,$76.53
3ab7fa54-90a9-47c1-8fe7-d4300d8ad86c,Juice - Orange 1.89l,$72.08
c7320d69-cdad-42af-b188-70b957d02c70,Pear - Asian,$94.18
3c1d2fde-144d-4a9b-ac90-bdccd622bb4f,Beer - Creemore,$59.06
3a1c0f3a-4e2d-4830-91ab-1084e115e83c,Wine - Cotes Du Rhone Parallele,$83.79
92487db3-e6e4-4c61-860f-5f01c8b94c04,Huck Towels White,$68.51
87a12f7c-8e41-48eb-8de7-dfd1ce9c849a,"Stock - Veal, Brown",$83.69
5414b8cf-77be-4af3-8690-57a90c638d3f,Napkin White - Starched,$86.76
e258de6a-f76e-4c60-945d-fa5467bd8931,Graham Cracker Mix,$19.40
323e9a27-8045-4ac7-aa18-dc7d426644f9,"Quail - Eggs, Fresh",$14.57
7e5662ac-e9b1-4744-a82b-387534245e72,Eggplant - Baby,$14.32
c3169296-827f-4c6b-b387-467a3e22c6ab,Garlic,$30.46
6d7ea7ca-a9b1-42b6-9f5b-541367e6ae7d,Yokaline,$63.63
ae8746bd-877a-4f58-ba24-6626ec8057fa,Broom Handle,$41.31
ef252afa-68ac-46f1-9c21-2cd84898201f,"Stock - Chicken, White",$24.95
5a57c606-073d-40e0-bf31-299d6fd0dd22,Liquid Aminios Acid - Braggs,$17.80
6940adf2-2580-485f-afce-22749faae032,Rolled Oats,$71.25
4b09991a-9c73-44b3-b3c3-b084635917a1,Kumquat,$63.36
9aeef8ea-0f4d-4792-aa9c-94ac9d1e0317,"Carrots - Mini, Stem On",$47.29
c5f0622b-57e4-43b6-94fb-4368a4621c81,Sauce - Salsa,$83.66
b9aae6ed-7deb-48f9-91f2-dc5be30efcd0,"Tomatoes - Plum, Canned",$10.94
ad05869f-1d37-4006-9080-b51e6b8b37cc,Gherkin - Sour,$44.09
9068362c-b649-4026-9acf-3ffc68a3323c,"Turkey - Whole, Fresh",$28.68
e5e19627-74d8-475d-baf7-81bf7d3590d9,Lettuce - Belgian Endive,$88.87
32ee643b-28e4-4dd7-84a4-77c9919abcf1,Cake - French Pear Tart,$46.46
ed18eb7b-22fd-41db-a6b5-6261d331403b,Cranberries - Frozen,$52.62
885a2f65-4569-40fe-8e74-d59abb549865,Oregano - Fresh,$64.31
b1e07e54-f8f0-4d6a-b96f-b7ea35b9376e,"Beef - Ground, Extra Lean, Fresh",$80.85
031abf38-39bc-475c-be75-93a651d5e85e,"Flour - Buckwheat, Dark",$25.21
a45b005b-dd59-4599-aa46-ee3e025c6489,Pepper - Cubanelle,$80.42
84b482e4-58b4-4cc8-85e6-cb6cfef81f9d,Snapple - Mango Maddness,$75.27
e507a843-4819-4433-b556-bf4b37a22def,"Apple - Delicious, Golden",$27.77
eb2e8619-b57b-4003-86aa-554edf28198a,Sambuca - Opal Nera,$95.61
14eeec55-9d11-4c87-866c-1c23fcde064d,"Tea - Darjeeling, Azzura",$93.13
185a4a7f-ccac-4b4b-bb0a-44c4b68723a7,Horseradish - Prepared,$39.49
77e12a44-8d1e-4486-b394-07b790e7df71,Eggplant Italian,$60.58
d96d556c-19e9-429c-abc6-73d9e9c40f14,Lobster - Live,$40.79
705e6c10-0c4e-4c6b-97f6-fcaa04cf8f22,"Lamb - Pieces, Diced",$80.53
d861287c-7e85-455c-8dda-27c065626af2,"Juice - Clam, 46 Oz",$31.10
6d9cc941-4c6f-4ce0-af81-e501631aae2c,Beer - Camerons Auburn,$60.75
f72e9cf7-d5be-4a2e-b74d-57a85a1d09e9,Gelatine Powder,$44.93
c8ae3572-0fd0-4312-a6be-f6d77d665c20,Cheese - Goat,$89.95
53e76479-373f-43e1-be3e-ff10b1456182,Island Oasis - Magarita Mix,$73.10
d61d6eca-50b8-492a-a818-6430900660fe,Rice - Brown,$55.13
2583e5cd-199f-478f-9199-e7c93e8b906e,Veal - Bones,$51.72
14e1aac3-05cb-49f9-b38b-953ba3cd18c4,Mcguinness - Blue Curacao,$58.71
82facc3a-cce6-4986-844b-12d3a20ebeb5,Water - Green Tea Refresher,$10.83
9b971a34-ebbf-4fbd-8154-024becc1af85,Eggplant - Regular,$71.87
3c6a03b8-e142-4452-83a2-8618fe83b5f9,Pimento - Canned,$26.71
35bbcacc-bbd6-498f-9dbb-bda006223c90,Onion - Dried,$11.97
25cee236-cd10-491d-b592-10a20f0da77b,"Pasta - Rotini, Dry",$51.05
d9643f25-ea25-4043-a791-5a6633f27d53,"Quail - Eggs, Fresh",$91.96
379bf627-ffbc-457e-8acc-c71336a29828,Beef - Striploin,$83.03
a55755bc-2e87-44cc-af7a-cc60b4ab23be,Oil - Cooking Spray,$27.98
8d67ef68-87e1-49cf-b069-27364bdfd9ee,Cookies Cereal Nut,$81.75
436ebdea-c64c-4691-aab6-3c1df017193a,Beer - Molson Excel,$34.16
817ff779-6e89-43ae-bf78-d62073fd505b,Beans - Yellow,$26.80
d583fe6c-92ba-4552-8504-2e81feea9b8b,Bread - Raisin,$44.01
d0f6bb8a-09b2-4bdb-a860-eef0a3d8c537,Cookies - Englishbay Oatmeal,$82.32
db6f50f6-9768-4ce0-96e2-5a650c50456c,Hummus - Spread,$17.60
072a4b81-06bd-425d-b528-6cca87bc7c6a,Sausage - Breakfast,$58.25
7874ba94-735a-4188-8e1e-3b97510ab594,Bread - Malt,$25.37
57591d80-b4bc-4957-8edc-8be252163a01,"Juice - Clam, 46 Oz",$90.34
92ef781c-3072-4654-a99c-31d0f112571c,Lotus Rootlets - Canned,$63.39
a6283ec7-932b-4208-80d6-81fd34222e99,"Yogurt - Raspberry, 175 Gr",$78.67
c0913a8d-afb8-4d7a-a266-fa5199ffb6de,"Syrup - Monin, Irish Cream",$14.92
9e3a0bd1-6482-41d0-ba30-ae9db78825c3,Wine - Sogrape Mateus Rose,$64.96
734ce64d-2c66-4678-8d51-2ab53b453bce,Wine - Chardonnay Mondavi,$44.17
f8dd8cf7-ad79-456b-9095-0353b5625941,"Lamb - Leg, Boneless",$48.17
21dd339e-c608-43f9-b2a5-e9d154c2eeba,"Fish - Artic Char, Cold Smoked",$93.32
6b79cb7e-b6e0-457c-887c-23f85a15e180,Liners - Baking Cups,$10.95
373dfc28-8a03-4df9-81d4-4575f31ce4a9,Soap - Hand Soap,$19.42
aa0e6428-706d-4ad3-bbfe-d44ecbeed6b6,"Pineapple - Canned, Rings",$74.94
542affc9-20e1-4922-b450-74c6cfebcd75,Garbage Bags - Black,$51.01
28a38e72-36af-448d-ad58-792fd1f713e6,Duck - Fat,$86.45
96a0a859-17bb-4132-882e-1400781aa2a3,"Cheese - Cheddar, Medium",$97.75
ada48892-a79d-427c-bc29-6cca1c564f9f,Sauce - Thousand Island,$31.68
0869431b-b7df-4ffd-9dfe-8a96f6b2459e,Wine - Magnotta - Cab Sauv,$79.15
2b428df1-4d7d-4811-be86-1a52a7ae151c,Yoplait Drink,$54.43
86a5fbad-fa6b-4c6b-b543-a4d643720a1b,Fork - Plastic,$46.07
0c7a98f3-aae7-45c4-a996-e59f17dbee7b,Capers - Pickled,$56.68
dbb11e3d-6322-48f8-bc94-7da33ee6cba5,"Chicken - Breast, 5 - 7 Oz",$73.55
e2ba8028-2981-4213-8eba-8e9aedb1d93f,Water Chestnut - Canned,$79.37
1e4408fc-4b1c-465d-8bf2-398e9456eee8,Mini - Vol Au Vents,$23.85
67bb9538-6dd0-4b95-96be-262ab4cc8e75,Lychee,$32.09
fd1d5a7d-fd96-4a53-bcb1-cb3014ca7352,"Beef - Ground, Extra Lean, Fresh",$35.05
ddff7853-1e69-41e2-a28d-b668f7ef2dc8,Pur Value,$27.59
76aa100f-dbc3-4dfd-9d09-1ca706298dee,Cheese - Provolone,$49.38
f790d862-916b-49cf-a5ab-b02deb26f0ff,"Wine - White, Riesling, Henry Of",$85.55
1e55fbe1-c024-4d09-9a38-71cf72cb71a8,Pears - Bartlett,$95.23
9422f2f6-b9e2-4fa9-aff0-0fa997bd955a,French Pastries,$99.98
943d9294-3ba4-4c01-af0d-c450048f0974,Jameson Irish Whiskey,$11.50
195f843d-051b-44f5-a939-695edfe1dcad,Wine - Champagne Brut Veuve,$12.44
39990666-059e-4137-a4ec-a0ca74118cb8,Mushroom - Chanterelle Frozen,$67.92
bf104878-54ac-48a4-8994-5ef51a8b6685,Sping Loaded Cup Dispenser,$75.22
06e980ce-815f-4cf4-a9d8-48919745417b,Beer - Blue Light,$55.69
11cbd38d-3c2e-4099-925e-3bdacacb4380,Pork Loin Cutlets,$94.99
45402943-193e-4301-b34c-e3b4d167160e,Tea - Lemon Scented,$96.50
3493e75b-1d88-4d00-8948-fa8293d4ee9a,Wine - Chenin Blanc K.w.v.,$86.10
295c74c1-032f-46c9-b22d-35977e2019bc,Tea - Decaf Lipton,$84.90
93ba31bf-cb6a-40f5-b3aa-d277b125ae7d,"Beer - Alexander Kieths, Pale Ale",$78.96
519f5f2e-de9e-41c9-8d03-18142fa8eca7,Corn Shoots,$89.66
b5dd2778-8fe1-43e9-ab9d-59d043d5c221,Wakami Seaweed,$53.58
36d32560-ee48-4c8a-a32c-42004fe34b3c,"Pesto - Primerba, Paste",$88.01
a9013eb4-08d3-4887-9167-9ce466e8571c,"Flour - Corn, Fine",$68.78
580809fb-4817-48a0-b2ce-231bb153cdf8,Pork - Bones,$97.55
0923028c-a39f-4a4a-97ed-b3e0bb5ddc90,Chevere Logs,$88.23
bfa50615-31cb-4622-96ed-24eb9a9c91bb,Wine - Fontanafredda Barolo,$22.47
bc472205-2dbc-4bcc-954d-103bf9201629,Cod - Fillets,$62.68
4e68af6b-5866-4e3c-b9ae-f769db86767b,Ginger - Crystalized,$51.98
629d0394-f4b9-4af5-86d6-ee199655629a,"Mushroom - Enoki, Fresh",$90.06
51f11b65-6660-4fa9-97be-f9d68be5a9d6,"Nut - Cashews, Whole, Raw",$52.05
0bc8bb32-6de7-4f99-8ebb-83d60dd6a592,Pastry - Chocolate Marble Tea,$91.51
be395c16-2a5f-46b0-8daa-a1b72bd88ddf,Milk - Homo,$38.54
bf7c3c75-3b6c-4c15-a074-a8d3c9ba4527,"Beef - Rib Roast, Capless",$68.48
70ea3935-e2d2-4fd5-bdba-4bc08a4f96eb,Sea Bass - Fillets,$87.79
4614b43d-0c29-49fc-b5a4-8bb0603fde50,Squash - Sunburst,$66.06
19b8a78b-9888-4d31-8eb9-1fd3564d0449,Coffee Swiss Choc Almond,$67.87
5b4229a0-631b-4911-a542-e2d0338b59de,"Quail - Whole, Boneless",$70.39
2d40cd6e-3333-4c4e-9500-1f23ccbc39bd,Cake - Sheet Strawberry,$81.91
198bafc4-cea9-4837-8d0c-d48364aa284c,Pasta - Angel Hair,$59.99
6dd462e5-073a-452f-a473-5a681892da30,Extract Vanilla Pure,$66.96
66f53871-0ece-4872-bcbf-e8669ff1f756,"Tart Shells - Sweet, 3",$80.09
01f5a232-cbb6-4460-8263-6493288a23a9,External Supplier,$55.55
2e784144-aad6-49ba-ad86-c6d39ebac593,"Wine - Bourgogne 2002, La",$25.82
53f7d788-bdf2-401f-9aa6-2ec1f080a708,"Bread - Roll, Canadian Dinner",$72.83
9983ee35-7bbe-409f-b1bd-8176ce72d75c,"Lid - 10,12,16 Oz",$26.45
42a2c1dd-7b25-465c-bc42-d9c6317110f3,"Coke - Classic, 355 Ml",$48.30
5cd7eb9d-148b-489b-9742-94ad31d542cc,Papadam,$48.33
d71c26dc-62cd-4412-9e11-6289cbb19fa6,Pastry - Trippleberry Muffin - Mini,$33.03
222e89d7-a7d1-4fdc-82c8-bcd84595552b,Oven Mitts - 15 Inch,$80.84
4610310a-a1f6-4fad-8909-ee5737a90a4c,Salmon Steak - Cohoe 6 Oz,$57.46
3bb0a417-c9e5-4c63-9aa2-5c81839b349c,"Crush - Orange, 355ml",$53.46
487e662f-4cb2-4d37-8179-aba06c7035b8,Longos - Chicken Curried,$78.70
809c9925-3be4-4fac-87a3-a94c6f0ea7b7,Sprouts - Bean,$86.17
67a78ff6-c3f4-43d5-8fc0-596f28e64cea,"Wine - White, Chardonnay",$99.87
b89b69a7-398e-474a-a460-49d7db2143d5,Bread - Malt,$91.34
f5e57e9c-bb2f-47e5-9e6f-371fdf2bc033,"Bread - Multigrain, Loaf",$40.16
5a493a15-fdcc-4084-b666-826bac49f1e6,Celery,$92.75
34b98229-6b4b-49eb-b436-3bb9b08f04c6,Cheese - Swiss Sliced,$50.29
3719a91d-0826-4b04-8924-4a42da6be9a1,Cakes Assorted,$15.78
a5b1b7a5-d2f5-4b7f-8c1a-04a0e01812fe,Cheese - Oka,$84.66
23af362f-6051-490d-b8c9-784891b02dca,Puree - Kiwi,$27.48
baa381d9-8b60-4750-8a33-15e6bf643b6d,Cheese - Blue,$41.66
0ed4ef91-52da-4826-97ac-1d4e9116fe55,"Pork - Ham, Virginia",$41.66
d292475a-92ab-4265-af60-3594a42a1524,Chips - Potato Jalapeno,$69.94
b1c26e31-9547-4f72-90d7-da19bf9204f9,Chocolate - Compound Coating,$81.43
24abd3a5-3359-4603-b93d-a7b7cee4508f,V8 - Berry Blend,$38.91
3a8bda61-2ba4-4524-8d8e-2c49b242d291,"Juice - Pineapple, 341 Ml",$78.50
84f84700-e8a3-4ebe-93b1-e76dc19092ce,Rice Wine - Aji Mirin,$15.14
a4522c71-1313-4e93-ae5c-0fa1b47ea3d8,Venison - Striploin,$23.33
09600478-614b-4fa4-bccd-d38690b8707a,Praline Paste,$59.26
39dae302-d3b1-4016-be12-2da56218413b,Chocolate Liqueur - Godet White,$53.52
41d5d56f-ae3f-4e45-a3fc-e996352f37f1,Tea - Lemon Scented,$74.44
c57374b0-7d4b-492e-bbe6-cc98cd375bc5,Fiddlehead - Frozen,$16.90
989cf0b4-5b5b-481e-9eb6-4c586ca586d5,Nori Sea Weed - Gold Label,$51.48
953749d8-49a9-4452-99f6-bcb20997fc42,Pepper - Chilli Seeds Mild,$59.75
db4fb5e3-d28f-46ba-b75d-0b26efcff2e6,Pasta - Cheese / Spinach Bauletti,$64.87
b8b11276-e06e-4de8-ab17-cfa95a4714d1,Potatoes - Mini White 3 Oz,$55.53
58899df5-03f6-4899-8350-b5b24d47f4ba,Duck - Fat,$25.14
436742aa-69e6-4ae2-909d-413a0dfefc96,Gatorade - Cool Blue Raspberry,$72.77
e1cc22c5-c69d-453a-b125-89576e41e093,Lamb - Loin Chops,$51.37
58f6511b-40ff-477f-9f63-33419f68f4df,Mushroom - King Eryingii,$36.14
6f01a459-5c7c-4577-b48b-ad27d9f3817c,Baking Soda,$93.22
eb1fdde8-8b35-4b00-911c-9cf3a2dcea9d,Beer - Upper Canada Lager,$65.27
dab5b1fb-809a-45ae-b355-9f93f412581d,"Lettuce - Romaine, Heart",$45.44
9dbae7bc-fd8a-4728-bcfb-f36d1c521690,Shiratamako - Rice Flour,$73.49
d7d8c99d-103d-4066-809e-53fad552126c,Wine - Chateau Timberlay,$89.10
dffadee8-8c94-4c56-98fd-cc96efd91b49,Scallops - 10/20,$72.55
778df74e-5344-47cc-9a42-b958ad9230b7,Food Colouring - Blue,$45.67
0767e76c-bce8-40ee-ba3f-96cdd28d4ed2,Leeks - Large,$17.51
42b89265-6428-4c33-859c-dd78de8bfbc6,Sauce - Alfredo,$22.60
12937c9b-c00e-4ee8-b621-7acdd0a4171b,"Split Peas - Green, Dry",$50.98
ba7bd67f-fb8e-479a-8970-b724ae40d682,Soup - Verve - Chipotle Chicken,$54.08
d62b40e2-7b10-4d20-a9f8-1b74efedd175,Pepper - Green Thai,$17.26
c0a4a532-4800-4171-af2c-4efea0ea380c,Island Oasis - Strawberry,$77.42
cfaa15cc-2037-4592-8637-4223415138ac,"Wine - Red, Metus Rose",$61.89
edd8b423-8198-44c1-a386-91559d10f577,Glucose,$61.18
938f577d-e412-4a5b-923f-32da419a8ec6,Glove - Cutting,$17.95
c9355623-9bdf-4721-80ea-5bbb9321a24d,"Salt - Rock, Course",$17.73
90c6e480-f55b-4c3c-84a9-c8959b9f4439,"Soup - Clam Chowder, Dry Mix",$69.74
3ab681f6-c5b2-4b17-b26e-8a1ec56bf8f1,Steamers White,$31.12
2c16c20a-4a7f-4461-a5e3-4295918fc405,Beer - Maudite,$52.53
a13d20c0-a51a-4b57-acdf-c255f370c532,Spice - Peppercorn Melange,$92.21
d2fe32ae-6d6d-46cc-8aa2-de5778a860be,"Wine - Red, Mouton Cadet",$63.78
09cb38f1-86ec-4d74-b0e6-54a495d8bfe5,Eel - Smoked,$80.55
4eb47a7b-ef7b-43a6-9e16-89ac5aeed609,Wine - Vouvray Cuvee Domaine,$60.82
da95fd06-8cba-4254-9c2e-61f62c2090b0,Muffin Puck Ww Carrot,$80.60
ba9f9937-62f1-43f5-8cc8-96a386a82126,"Cherries - Maraschino,jar",$19.35
d3578b08-9651-4273-8de7-481ce06a590b,Banana,$43.01
6298d4d1-3cd1-4ce9-9d37-5aefbcf3f889,Table Cloth 90x90 White,$69.53
59fb59fa-4d0d-4172-b15c-724421911491,Ham - Cooked,$64.19
d7519b25-4a93-4c62-a98b-bfdca594d95d,Muffin Mix - Banana Nut,$76.76
f22d67e5-9d1c-4c0b-a083-54155f1273b2,Energy Drink - Franks Original,$64.96
d497fe14-fb14-4846-ba04-7789e7ae3c40,Jello - Assorted,$44.46
19192fd4-f7d8-4f14-bddf-24adb66d2101,Wine - Chardonnay Mondavi,$18.17
ab6178c9-518f-49f3-827f-93243563d0ac,Cheese - Comte,$93.14
e40378db-393f-4607-98ea-77a575e12fa1,Wine - Barolo Fontanafredda,$45.16
dd59f954-4e74-4769-adce-d4d064164652,Sauce - Hollandaise,$23.22
8cf70305-42fe-49ee-8c70-ee3ff4d9e964,Jolt Cola - Electric Blue,$28.40
9761d451-48ff-4984-97bb-3501bf092e24,Chicken Thigh - Bone Out,$18.14
7e93950f-d732-4c78-8b6b-939f82e65c22,"Fish - Soup Base, Bouillon",$33.65
d7e530e1-8d08-4c24-8859-48ccb1639875,"Mop Head - Cotton, 24 Oz",$28.94
0a689e0e-95ef-4c17-b86e-2a90ceda5d0a,"Beef - Kindney, Whole",$40.84
485d6e22-7d32-4e8c-9f42-081835916262,Cheese - Bakers Cream Cheese,$24.85
92e6b88c-75d0-4b5c-a65e-c07f8aaac037,Bread - Mini Hamburger Bun,$41.97
9c0793b8-c99c-442f-b54d-7df260b1374d,Pepper - Pablano,$79.29
de556e31-36d6-4564-abff-37deeddcd10c,"Wine - White, Pinot Grigio",$55.92
53e8dc25-d224-4baa-8959-626f11d7c1c7,Cabbage - Green,$48.23
9e2bfb01-3e8f-4d91-865f-83a218a03660,Muffin - Bran Ind Wrpd,$43.21
5369eb38-8aa6-4809-b99d-87d656bf172c,Sour Puss Sour Apple,$52.25
04c512f7-9b1a-426c-afd5-1cf0f42dba7b,Wine - Zinfandel California 2002,$17.37
a2eab246-89c4-46c5-9e9a-a3202e2ec139,Tart - Pecan Butter Squares,$69.47
b605f3b6-4e8a-4a33-b015-a6c47a8f992b,Cornstarch,$94.47
ffe74ba9-3f1c-4b2e-8d71-6cf7b9bbd678,"Sparkling Wine - Rose, Freixenet",$54.40
4ddaed0d-abb9-49dd-b795-b1db7a09fe78,Chip - Potato Dill Pickle,$34.10
ecbba34a-6546-4991-a2b3-840398a72cd8,"Veal - Inside Round / Top, Lean",$40.57
79c53c7f-c6ab-4d97-9c1a-942e9b4cf9c8,Truffle Cups Green,$49.99
5e5cf3c9-7409-47f6-81dd-789e067e7120,Flounder - Fresh,$79.06
b8ff420a-7ef0-44b5-888f-f744ffbba350,"Beef - Roasted, Cooked",$68.60
cfa7a6de-c95c-40e9-924d-f46f9b2a8846,"Wine - Red, Colio Cabernet",$53.40
3e94d684-6ebb-46ad-9d98-097c7863deee,"Ecolab - Orange Frc, Cleaner",$40.65
63153fab-0250-4b0e-9eea-bf51b42d544c,Spinach - Packaged,$95.93
6b48ea80-cac4-4fd7-939a-10eb50907dfa,Soup - Base Broth Chix,$48.47
f0db6e5f-d881-4a3a-a2c7-c7582257592a,"Rum - Coconut, Malibu",$39.81
60e63798-0238-48b0-8962-9e87ae522030,Cheese - Swiss Sliced,$43.94
636c7f8b-4e36-4569-9065-8c22ae83ab0a,Tea - Camomele,$56.21
b3e5ed02-2206-4d07-8469-b061506d4b3d,"Wine - Red, Black Opal Shiraz",$22.98
21dae53a-a486-4339-941e-fd8ebf112854,Sauce - Roasted Red Pepper,$23.42
db7f320c-cc74-448d-9288-094f00bb8242,"Yogurt - Strawberry, 175 Gr",$11.45
b28cee23-6b97-4523-b161-a375bfb67954,Mousse - Banana Chocolate,$60.90
76f5b63e-5bd3-49b0-9894-dded9290e42b,Foil - 4oz Custard Cup,$96.71
86f5a31b-1ddc-4b65-9cdf-8d21f3320614,Sausage - Chorizo,$25.61
29a212ab-3250-4bea-bfd1-12409ad725b9,Crackers - Soda / Saltins,$54.18
e0f021c9-f530-493a-a002-d7c39d47bf78,"Split Peas - Yellow, Dry",$68.12
b7ad0c60-e9aa-4273-b7b4-90cfd46328f0,Olives - Morracan Dired,$23.20
208d217c-3cdd-484a-b010-988a1352637d,Oyster - In Shell,$32.08
93639aaf-07cd-4a10-9f50-8d271102db62,"Beef - Ox Tongue, Pickled",$26.65
87141ce2-6ae0-4c21-89ea-61348678021e,Beer - Fruli,$46.81
f89a7791-ae0d-49fe-a795-e88d32c76497,Pheasants - Whole,$32.63
6ab49cca-9bc9-4e96-81da-c1c65d053ef8,Tuna - Fresh,$89.69
cc601481-d058-4671-b576-79b6bfae120c,Mushroom - Crimini,$36.97
53a60445-7ec3-4505-ad93-af4c32a1b294,"Wine - White, Colubia Cresh",$82.17
4427e473-9653-4617-bf5c-d6143259ce16,Bread - Hot Dog Buns,$95.72
4fb9deb5-3e7a-4d52-b0e6-86392ae52606,Spice - Peppercorn Melange,$61.80
78435e95-76f5-487a-9dcc-2339fa8c62e0,Petit Baguette,$98.53
fb8427c5-2a04-42f2-bfed-9ee27d0e8558,"Mushroom - Chanterelle, Dry",$94.49
f4abaabb-cee4-49a7-9557-36ffe7e6eafc,Fudge - Cream Fudge,$53.93
9bab0336-d78c-4141-b9c5-74d00f1d6d8f,"Brocolinni - Gaylan, Chinese",$31.02
84bd7a56-309a-4e86-b3d5-78f2652c4c72,Sloe Gin - Mcguinness,$57.54
45ff2f6d-22fc-4063-8868-8cc840796bc5,Potatoes - Idaho 80 Count,$27.36
21ddd85b-c571-4a6e-b185-ffb2a8e921a0,Carbonated Water - White Grape,$62.95
d490c3c3-83c8-44b6-9ee7-578d0cc29cef,Tomatoes Tear Drop Yellow,$41.83
dfb825d1-bb64-462b-a0f0-384d37c99ee9,Rosemary - Fresh,$49.72
f29af830-de41-4a90-afc8-69fa52d0ed7b,"Pasta - Penne, Rigate, Dry",$16.60
48b50a82-2645-4696-93f7-8eaa571c4d0e,Honey - Comb,$79.33
2ec49f45-ae19-48df-8848-c7502561d72e,Wine - Two Oceans Sauvignon,$36.45
68a3be31-89a5-4e60-a24e-d8cdf96713f4,Mayonnaise,$62.72
e865e9a1-81cc-4755-a01a-9bc150d8e937,Shichimi Togarashi Peppeers,$91.42
00a583eb-2e3e-4c98-b491-1da1b6078929,Beef - Short Loin,$18.98
2f0ccc46-16f1-4c57-9763-e12a8acc917e,Coffee Guatemala Dark,$20.26
819d077a-ad50-4972-99e6-1f66636c6e3f,"Wine - Red, Gamay Noir",$66.87
93d445f9-137e-447c-a3bc-b7cc44f722e9,Rice - 7 Grain Blend,$31.60
d49d3577-1e9e-47fd-b6a2-e4495f6cd482,Milk - Skim,$95.05
2129412f-9910-41a2-9566-2e6b5b19650e,Muskox - French Rack,$31.88
ad697376-1ea5-4aa0-9d72-dd5f992e4b3c,Muffin Hinge Container 6,$70.53
969fb47b-b5c8-4849-9fa9-de43c8ccfdd5,"Cheese - Boursin, Garlic / Herbs",$35.62
2f4691da-6829-4ec8-a0e1-452cb88b5bdd,"Lamb - Whole Head Off,nz",$35.29
55adf176-3fdd-4dca-a701-72505b00bb9b,Garbag Bags - Black,$66.84
52d92e6f-53e7-4bed-b80a-12f86d0d598e,Containter - 3oz Microwave Rect.,$96.54
3cfaabec-45fa-40c4-bb32-1da6fb20abb8,Island Oasis - Lemonade,$41.61
c5a617c1-a174-4f05-a271-c753af0ba33e,Pastry - Choclate Baked,$59.45
98f6a180-4361-4a7b-b15e-885ebca191f6,Sauce - Fish 25 Ozf Bottle,$74.69
6ea62a3c-67cb-40db-9e0f-e91bd8848840,"Turkey - Breast, Bone - In",$54.99
ba89934b-57e9-4b52-9d76-8329ba099193,"Beef - Rib Roast, Cap On",$37.09
cfbb29b1-65ea-4e21-a0d1-1a405c0648b8,Plums - Red,$85.28
8a1102cb-bcb1-4187-98e0-fef99b50880a,Vinegar - White Wine,$83.04
8e47fac8-8a97-47ea-9b6a-0a7861449c04,Vaccum Bag 10x13,$68.18
255f8b1a-d33a-4809-887d-33a37d1c790a,Cake - Cake Sheet Macaroon,$83.72
a3b9d13a-2b04-4cff-be6c-165d6e80b7dc,Energy Drink - Franks Original,$10.24
f260e7f4-0275-43a1-9340-dba298288f3e,Bread - 10 Grain,$17.53
2699ed96-c883-4c84-8e5b-d3c8d11f56cb,Sugar - White Packet,$23.09
95c512cc-baeb-49fd-a48c-a812fb743718,"Vermouth - White, Cinzano",$53.55
b2bf7538-3ffb-4262-9668-bdf1b946e6b9,Napkin - Beverage 1 Ply,$36.67
1c7e3164-370a-4bee-8886-0034c014af8a,Celery Root,$95.62
801c3d5c-3be2-47c7-87a2-895d93690d51,"Tomatoes - Diced, Canned",$60.30
72a0e841-bef7-4a83-bd46-009ee4563fa0,Juice - Cranberry 284ml,$38.05
c9ec703b-f252-4c41-b0e5-c822ba172264,Pate Pans Yellow,$76.03
aca65293-77f5-47fa-866c-37995891717b,Duck - Fat,$33.21
ff48d8ff-41df-49b4-a124-1277738db1c4,Tea - Herbal Orange Spice,$25.26
224a2b8f-8177-4b42-aaad-7b213f6da539,Potatoes - Yukon Gold 5 Oz,$67.76
dad13f4f-d39d-4ad8-8d24-a072cad69432,Soup Bowl Clear 8oz92008,$21.38
365ce6cd-1888-4c20-ab9e-0938aa450ab6,Longos - Grilled Veg Sandwiches,$71.90
47ec13bd-83ea-43b8-ba6d-96891c684f4e,Nut - Macadamia,$90.66
49fdf2d5-3435-414d-8491-95a3f313f10a,Potatoes - Parissienne,$60.24
ee1c509b-f604-43e1-857e-9800a9e05ff8,Sage - Ground,$52.16
4b9065c8-e1a1-4096-b51d-05eb0b5c62f6,"Soup - Knorr, Country Bean",$16.60
ed92b94d-4d07-42aa-a419-a04810bea836,"Trout - Hot Smkd, Dbl Fillet",$20.83
6b04bed3-2acd-478a-8b24-9885755af773,Turkey Leg With Drum And Thigh,$35.39
be8cb0fd-ee17-4415-9818-9f678a6ccfc2,"Yogurt - Raspberry, 175 Gr",$38.18
10ae440c-ac49-4cd3-8122-42a087c2f04b,Kaffir Lime Leaves,$27.46
c5189ba5-bd65-4c8b-930f-06e10e8f54ec,Raspberries - Fresh,$41.88
8b05c0ca-e36e-41dd-9a56-71bea88797b4,"Pasta - Lasagne, Fresh",$25.85
f53b78d2-55f9-4a05-a84f-e1b94d95ebf5,Turkey Tenderloin Frozen,$12.70
ade06f48-610c-4624-8bd9-e161c900dde9,Beans - French,$62.73
ba9488fd-9197-4ca8-8ae7-8e02bcafa292,Crawfish,$83.46
3cdd05bf-91cf-42f3-ae67-14afa69665d1,Chinese Foods - Plain Fried Rice,$37.99
64df8a32-ac52-48e1-b956-8680d5d567f2,Vinegar - White,$28.04
d0205285-b4d5-4aa3-a8a2-44ba301ee1d4,Fond - Chocolate,$61.18
3b47f090-c42d-4a6c-8f09-26f692f51fcf,Longos - Cheese Tortellini,$73.98
92fec595-d8c6-4fb2-b931-a9065675a245,Creme De Cacao White,$46.00
30243e12-1f86-42d6-b202-546cc6532b50,Vaccum Bag - 14x20,$60.15
0de18fa1-d1ad-4568-84c1-d601f0ec0464,Garam Masala Powder,$90.63
f7fe08ac-c150-45dd-b8be-ee5e4520869f,"Wine - Niagara,vqa Reisling",$72.85
3ee128a7-b565-4b25-8289-51de9108a165,Water - Spring Water 500ml,$68.44
2519cc19-52c1-46d0-ae9c-514ccc300b41,Latex Rubber Gloves Size 9,$67.16
ac20cd94-3ccb-43b7-8d49-044476e2ead8,Flour Pastry Super Fine,$16.74
2c36955b-f2a8-4c79-8ccf-01a3815dde22,Cocoa Powder - Natural,$30.56
3deed076-ca3b-451f-a789-d5637ba99788,Lidsoupcont Rp12dn,$32.35
0d1918d2-4d28-44f1-9d19-b70feb277968,"Wine - Red, Colio Cabernet",$58.68
73c2f49e-62ab-472f-9d69-7d1e0d08886f,Shallots,$92.35
3149505a-556d-4173-b974-eadb6abdf8e3,Lumpfish Black,$36.87
96ece449-bc50-4c51-97a8-c60aed03b2e8,Soup - Campbells Mac N Cheese,$46.36
3ab85ef2-0a93-47c0-b6aa-e4ee967a5dd0,"Pasta - Penne, Rigate, Dry",$80.34
e4361606-f663-4199-94e3-77ac015edd84,Coffee - Frthy Coffee Crisp,$49.62
a9c744c2-dbc1-406f-9c24-6c620c672a6c,"Beans - Navy, Dry",$65.54
1bb2b0f0-5f88-4b8d-a9b3-a3f20a8929c2,Southern Comfort,$21.53
324307aa-738c-44c2-9c29-46a14c832584,Cups 10oz Trans,$14.38
62475f1d-f909-4b2d-b88e-b3acf175e8f8,Juice - V8 Splash,$91.57
5e879fb1-b44d-423c-80f5-a40640368167,Flour - Teff,$92.89
5f23af9d-01c3-4a0d-8814-afd5fcbbb37c,Pepper - Gypsy Pepper,$80.54
8837dc7b-6d60-410c-814a-00a461c89ebc,Tomatoes - Roma,$59.92
ef1746e4-07e6-49a3-ba09-27ce3c5f4f6b,Wine - Tio Pepe Sherry Fino,$15.46
235a7e8b-283b-4f3b-8d0f-495d7f66638c,Bread - Kimel Stick Poly,$36.79
f3a4f4f4-f6a0-4647-bc4b-b1e4abafb5b7,Chinese Foods - Cantonese,$54.96
706d7ca3-e132-4513-8d4e-c3ccd7e4a600,Whmis Spray Bottle Graduated,$67.20
59a36716-7d30-4179-b542-f1abce85c1c9,Flour - So Mix Cake White,$35.35
6c3f19e1-f1d3-4c83-8dcd-408a75b02dd4,"Pepper - Chillies, Crushed",$42.83
6d190e51-4ab3-4e2b-a16b-b529675cb7ab,Irish Cream - Butterscotch,$51.82
70441ecf-132f-4433-acbc-08b6564c566b,"Corn - Cream, Canned",$94.58
33f4d807-2bf5-42d0-b03c-26faff1b0b9c,The Pop Shoppe - Black Cherry,$88.28
a45dddc3-487e-4692-b637-8184c56e43d6,Kale - Red,$27.12
32b8c395-7e9f-4a88-8ba8-c0e838c56195,Soup Campbells Mexicali Tortilla,$22.13
b6c460dc-31da-4c55-a361-30859facaecc,"Juice - V8, Tomato",$89.59
b010139d-242e-470b-85a9-af4ac8043a62,Cucumber - Pickling Ontario,$12.11
cf73fd22-236e-41e1-9382-0af62aa6cdb6,Soup V8 Roasted Red Pepper,$15.03
440988f1-ee7c-4d8d-bdff-ce864c33e3b6,Cheese Cloth,$87.35
e1b8de25-6770-4ab6-a5f2-f2ed849a0217,Beer - Sleemans Honey Brown,$23.73
2f5c3649-5402-4b5a-b6da-691ff74b48bd,Scallops - In Shell,$22.02
13227e1c-4196-49f3-a0ba-dcab497dbcdd,Island Oasis - Mango Daiquiri,$14.88
ad09a817-d56b-4307-9489-be6d2b73919f,Pastry - Chocolate Marble Tea,$67.74
27925a86-edbc-4db6-b8d0-171fc796268b,Sauce - Ranch Dressing,$69.15
11e72fa7-1aad-4407-8ed7-3a1f564996a9,Sambuca - Opal Nera,$21.65
af087123-c955-4fd5-bacd-f1450d7ddd2e,Ham - Cooked,$43.12
4eafc908-bdfb-4b27-975b-ad54e2055688,Absolut Citron,$83.66
5e08ff40-041a-449b-9a64-e7c8983210b8,Shiratamako - Rice Flour,$30.51
1a6d2c81-50ff-42bb-8c4d-a5da6cce648f,Lettuce - Escarole,$86.31
f461da73-e682-413b-8fb4-899b577f1df6,Wine - Sawmill Creek Autumn,$45.83
94f16efb-4213-4f86-9660-42b0a8d7b90a,Vinegar - Raspberry,$75.38
aa4fac0f-3e09-4a82-8332-b00f4211250d,Strawberries,$40.04
1a2d7b57-e5b2-4887-b34e-f920b0c4b8d6,Uniform Linen Charge,$61.00
4f040087-5c9d-47f4-8653-8989d501fdfa,"Marjoram - Dried, Rubbed",$23.58
30b5419b-12db-4e25-8c66-07c5aeab8784,Cornish Hen,$26.42
468ec64e-86e8-49a0-b3ac-9e8a92769f3a,Five Alive Citrus,$13.15
fba75f56-f939-45ca-82c0-6fc7b07059fe,Bar - Granola Trail Mix Fruit Nut,$13.07
3fb40de1-0c45-49e1-8709-74ea34079ce0,Mushroom - White Button,$73.55
1e6b9d08-3d73-47ae-a4b3-ce6d73cd0122,Squash - Sunburst,$74.99
1c91c1b8-f76b-4702-ad7c-793382da0832,Pasta - Orecchiette,$27.88
63634a7f-5b19-4458-a294-5c1df3fa2115,Anchovy Paste - 56 G Tube,$82.73
080014f6-42ce-4329-85c1-c68521b0f9fe,"Wine - Harrow Estates, Vidal",$29.18
0c833162-92b0-45ff-a2a0-4ac8588d304c,Vaccum Bag 10x13,$19.79
14b3c013-3407-440a-948a-1f5b3ea3f533,"Tomatoes - Cherry, Yellow",$16.64
3721e4ca-f698-43ba-a7a1-073f82865d60,Appetizer - Shrimp Puff,$18.97
13f25285-1db6-4219-9727-bf064f2edab6,Cream - 10%,$87.84
bda76f46-43e1-4acd-89bd-651072489bcb,Cheese - Brie Roitelet,$16.40
60c3f7d3-59dd-481f-a9f3-9ef54f3c3060,Lemon Grass,$57.45
db50cf5a-7408-4df0-8bdd-1580abbafab5,Mountain Dew,$36.79
4eb3538f-6b1b-4b41-9768-6f8ac7f49e70,Wonton Wrappers,$20.93
027ab4b2-73dd-4228-a9fa-a82dbd5fcd3b,Saskatoon Berries - Frozen,$56.96
92f4e7f9-72ee-4190-881a-be38d55e60cb,Crab - Meat Combo,$79.44
3a135a8d-4107-4500-8592-630128fba97d,Cranberries - Frozen,$30.28
1bef7d6d-16fb-4ce2-befb-4cc7a23f4757,"Water - Spring Water, 355 Ml",$25.57
7afe759c-92f2-4c68-bb70-685219b8b111,Cookie Dough - Oatmeal Rasin,$97.23
4e5478fc-8bb4-45a7-8b75-911ab4359412,Straws - Cocktale,$88.61
c6421fd3-b336-4cef-9630-648a6e3fa8ff,Mints - Striped Red,$87.56
cecc3fca-98cb-4465-b48f-c62ecc53fbe7,Coffee - Decafenated,$58.55
25d6a544-d33a-4d9d-8097-ba6f50b8cf00,Wine - Domaine Boyar Royal,$65.96
60b53b98-c2f5-452c-add6-83f437194cf2,Absolut Citron,$16.79
5d051bf3-e971-4361-a1d4-8ab2ba510efd,Salt And Pepper Mix - Black,$54.53
f720ecd8-0522-4dba-8320-240a434e005d,Shichimi Togarashi Peppeers,$20.89
78e2c26d-e0bb-4292-90ff-1b811605c3d9,Island Oasis - Lemonade,$37.20
f8d3ae0a-29ef-4a89-9855-4b7c904d48b9,"Bread - Pita, Mini",$67.22
09902423-0654-4b34-a9c5-6baaa944cbef,Gatorade - Cool Blue Raspberry,$77.61
c2486632-9c26-4fa9-b365-ddba9449a280,Uniform Linen Charge,$27.41
5e44b48b-e184-4625-9acd-6dd8f7257bcc,Chocolate - Sugar Free Semi Choc,$67.37
6ad20044-11b0-42cb-911e-999c647db955,Wine - Two Oceans Cabernet,$46.87
0e74fc45-328e-4e35-8b1b-d44602922cd7,"Beef - Rib Roast, Cap On",$88.19
3444e12e-64f6-460e-b5b0-197cac946b4d,Bagel - Whole White Sesame,$59.62
ecad6b50-581b-4e93-9f6f-ca80536fc0ab,"Tart Shells - Barquettes, Savory",$38.43
7ead65f6-d8a1-4897-90f0-dd6cb75cfd82,"Beans - Long, Chinese",$35.33
87e3703f-e2c0-489d-910b-015c4f0880a9,Cheese Cheddar Processed,$20.97
f8ac7e2f-ff59-4f39-9155-aff30464cc4c,Lid Coffee Cup 8oz Blk,$23.10
f4656760-05fa-4b6f-800d-611b05a2779b,Coffee - 10oz Cup 92961,$31.47
dc5a8f0c-94bf-41f6-b787-14781e31dbd6,Thyme - Fresh,$73.49
d02c3961-131c-464d-9010-3b2541f23304,Appetiser - Bought,$35.67
47e552d7-3daa-464b-a3e3-0f44d711e83f,Beets - Pickled,$80.75
eab82032-23e7-404a-a62f-c3989f6702ca,Figs,$96.99
72c44bfd-1ab2-41e0-a9a0-1f63469f5e6a,"Wine - Magnotta, Merlot Sr Vqa",$95.82
bac44f11-f7c7-4489-9730-be37ddf9d634,"Mop Head - Cotton, 24 Oz",$82.27
c873d62d-ebfa-4100-a5e1-3e8fc951e4a6,Cloves - Whole,$35.15
1d535a77-ab72-4b87-9b57-9ff124b9f899,Wine - Jafflin Bourgongone,$17.11
724e0c87-a82a-46a6-9ae2-3cca570518b4,Pastry - Butterscotch Baked,$27.02
8c967973-b514-42ac-bd4a-0fd5db520585,Soup V8 Roasted Red Pepper,$38.85
090ba8cb-5ad9-4727-9dd9-45db90b1d455,Beef - Tenderloin,$63.79
f7226489-1fbf-4617-9c0f-6c221fb4800a,Sage Ground Wiberg,$27.99
471a21d3-8554-48ce-81df-76d5f3f8c14b,"Pasta - Fusili, Dry",$77.10
2a917ff8-cdc3-4615-83da-106575b4995b,Bread Ww Cluster,$53.29
0a02b143-53c7-47e4-a4e2-3f77ae2b9e71,Goulash Seasoning,$98.13
e2e5e9f3-dca1-48f9-b152-8e9deb94f5bf,"Fish - Halibut, Cold Smoked",$70.01
6265f317-7770-44ee-81d2-3ded4d614a0c,Yeast Dry - Fleischman,$74.23
559eda29-756f-46c0-8282-417ce0257f5e,Soup - Campbells Beef Noodle,$79.45
b97c2f89-89e2-4c24-9037-952b2cc6af15,Rabbit - Frozen,$64.88
d2ef5a0c-0244-4747-8493-5028925abbc3,Crab - Soft Shell,$97.95
daf15806-9223-45af-938e-bee70304fe91,Calypso - Lemonade,$76.73
d0bc8da0-627e-4f50-949a-1a2b0e325897,Pepper - Chilli Seeds Mild,$81.07
0d18c85d-071d-47ce-847a-2edafb8140bc,"Wine - White, Ej",$25.30
107df37f-0ead-4920-a939-064bf0768f91,Chocolate - Dark Callets,$31.92
72f08003-406f-4745-a1ca-a2ce47c1fbbc,Scallops 60/80 Iqf,$56.93
6b384939-4601-4783-a175-949f798b90d7,Longos - Chicken Cordon Bleu,$23.55
85dcde9b-6265-4de2-99c1-57515be36f3b,Cookies - Fortune,$26.92
fa821f2a-f6c3-48aa-b23f-34806831a523,Garbage Bags - Black,$64.62
41411bbe-ad9a-44e6-bdf5-7d2bef31317b,"Pork - Ham, Virginia",$65.98
6fb9e938-b3cd-450c-bf56-838ca98cecf7,Beef - Kobe Striploin,$54.14
ef5735f9-2300-4e26-b9d2-06866fb99b51,Wine - Two Oceans Sauvignon,$36.56
303be6f9-cb73-40a8-9f3e-189be69c163c,Pomegranates,$87.03
7d25ad12-bdb8-47f3-a9a4-a92a259e5485,"Tart Shells - Savory, 2",$23.36
ae6b5b7d-fa21-4957-b86e-21a0acd6613c,Energy - Boo - Koo,$11.53
ca53f153-39f3-4027-8efa-e4e16f082934,Bread - Corn Muffaleta Onion,$20.88
89f5af17-2b7c-4e1d-a579-6575bb934b1b,"Pasta - Tortellini, Fresh",$11.38
5cd91bee-b21f-4ff1-a78e-573e3068bee4,Soup - Chicken And Wild Rice,$85.88
80912a6e-f3c2-4536-88fc-f8492aeb4cc9,"Wine - Saint - Bris 2002, Sauv",$32.66
0320fdbe-8ae0-4f46-9dda-54e07657aa46,Wine - Placido Pinot Grigo,$30.44
1580a318-d6ac-4a5f-b3ab-2dd531964a23,Wine - Redchard Merritt,$30.73
dafb121b-c05e-4ecf-8dd3-d6e1c4fdc3f4,Island Oasis - Peach Daiquiri,$43.13
49c17879-f929-410f-9413-56f61f31e0ea,Garbag Bags - Black,$33.53
ca8ea2c4-d663-4473-bee1-e213f4362536,Corn Shoots,$47.19
245dab43-cc2e-45b3-abd5-4ae3a292c5d2,Icecream - Dstk Cml And Fdg,$60.40
0f551ccb-e556-44b9-9b10-ed1b20c3ddba,"Pasta - Tortellini, Fresh",$74.88
70e6b034-8148-44bd-8fdf-7a43806cf60b,Cheese - Goat With Herbs,$45.89
139ef79e-01b4-4ede-925d-3e30e1533775,Mayonnaise - Individual Pkg,$52.84
1e14b0a9-261f-4595-8ea0-3789e9baee7b,Lamb Leg - Bone - In Nz,$54.32
84cfb9f4-648b-4044-871c-818ed3424f64,Southern Comfort,$62.36
16e26f2f-df5c-43e1-9050-7d743aab10b0,Pie Filling - Apple,$29.08
3d754f27-8d66-479b-a7bf-c477f8c77600,Anchovy In Oil,$17.13
8446b59d-47d9-404b-98cc-4ab02270ec17,Lid - 16 Oz And 32 Oz,$55.24
d6fed95d-3048-4ce6-8935-10bd226fae14,"Cheese - Cheddar, Mild",$35.75
a826ac4c-ae77-4adf-803d-4fcad1a386ff,Longos - Chicken Cordon Bleu,$45.45
90b1c227-1a9c-470c-a6a5-7a31c4e592f2,Olives - Stuffed,$96.48
76dd41d2-5ae5-4a5c-87fe-178a0b042958,Pastry - Banana Tea Loaf,$87.12
2b79723d-7c7b-467f-afc5-e5d93562076e,"Pepper - Green, Chili",$64.57
7de245cf-a3b8-4ff7-bf27-6a4b1aad1a49,Nantucket Pine Orangebanana,$62.90
3fe98ad1-b790-4a95-9c50-4ffb1f1906e4,Beef Striploin Aaa,$74.26
fe1a37e1-f7a0-45fd-afb2-664146672dca,Pastry - Cherry Danish - Mini,$85.40
257e255b-0d5e-466e-951c-3d57ded2602b,"Wine - White, Ej",$21.15
c44a7786-3969-4b66-9b05-515645acbeab,Water - Tonic,$24.24
fd09d0e2-9b73-4bdf-a689-6662407e4337,Magnotta Bel Paese Red,$28.36
57c357d0-dcab-4130-b43b-786b1f9585e6,Appetizer - Chicken Satay,$69.43
584e90ea-ea59-47a6-ab40-1e2ec71daa1e,Danishes - Mini Cheese,$33.02
9a49b82d-3b6a-46e2-9c01-83a5c23e1a44,Beef - Tenderloin Tails,$23.61
1b9fb040-0d1b-4620-aa79-a21e453e0f88,Hand Towel,$93.56
4f7e9633-24a0-479e-954a-8b296c316638,"Water - Spring Water, 355 Ml",$94.32
e80bd7b0-2750-4e30-8b30-1a4926788602,"Veal - Round, Eye Of",$12.96
4e669fe5-9343-4a94-a060-b5851ca16bf7,Veal - Slab Bacon,$40.56
48f1fc5c-874f-4d44-a925-5df5da24c089,Carbonated Water - Wildberry,$85.28
7c780eeb-b1ea-42b8-9477-5baf32b06039,Bar - Sweet And Salty Chocolate,$38.31
c6c0103f-91ce-43ce-8755-fdbbd833b46d,Cheese - Pont Couvert,$74.29
a4690cf1-f407-4cee-8c5a-da7bc62f748c,Pears - Bosc,$52.02
da3de968-9126-4ae6-ba54-a790a4823da3,Milk - Homo,$25.13
5ec914d8-9a32-4eb8-b3ed-456049ad4661,Beef Tenderloin Aaa,$82.13
98eb9e89-939b-4065-b49a-d7c46c5b5907,Slt - Individual Portions,$64.65
518c7fa9-d2bb-443f-95e2-36f4ae9d9c8f,Pineapple - Golden,$82.70
7cdd834a-86b0-4cb2-a06a-08c40522d1de,Lettuce - Sea / Sea Asparagus,$47.20
210d40ae-c134-490f-947f-48966186302e,"Schnappes - Peach, Walkers",$48.50
475ee4e3-95ae-44ac-9ae3-21080e710a1c,Lamb - Whole Head Off,$62.80
98fb8c92-6c18-4e7c-b647-d6ba0c5cdd99,Bread - Triangle White,$94.86
771e0785-1a76-49c5-be6f-e91f549ac6df,"Nut - Pine Nuts, Whole",$60.78
6c93e37d-5301-46c9-bec0-951a2a2cc0ef,Wine - Chenin Blanc K.w.v.,$29.74
70884b9f-3e34-4cf9-8295-6fe6f7bfc81b,Longos - Burritos,$53.51
25656230-1671-47d7-987a-040dd1782abd,Sprouts - Brussel,$45.51
40fcb9fe-b801-4272-9c7e-f795ba3d2208,Cup - 4oz Translucent,$35.98
bbd7faf2-3544-4b74-9a05-a52d3a26e63d,Smoked Tongue,$67.99
9b0ca294-0766-43e4-8495-31f510b90dd4,Cinnamon Rolls,$51.38
1d7c086f-6aef-40f1-b828-4c81193a2566,"Wine - White, Cooking",$74.84
dd6a280b-b73a-4d92-b92d-880659dc3e00,"Wine - Red, Colio Cabernet",$66.08
001c493c-a8fc-4f7a-b6ce-8c69a1c4da17,Port - 74 Brights,$26.74
37049c20-4282-401f-bd0d-a8e8f9773d8b,Chocolate Bar - Smarties,$35.91
c93f4da1-67a8-413f-8eb8-bf4f66662379,Steampan - Foil,$97.45
6d14a470-3191-4282-95a9-af68fe59b750,Foil - Round Foil,$84.01
8d31bf04-eb1d-44b3-b9de-c390deea3dd2,"Jam - Marmalade, Orange",$18.87
3f1f1827-7308-4670-bdab-2ae055b78494,Irish Cream - Baileys,$24.18
4a9924d3-aea5-4af3-8733-dd88939707d7,"Wine - White, Riesling, Semi - Dry",$71.35
a3c598c8-22b6-4595-a0d1-87ba39ddd51a,Tea Leaves - Oolong,$52.40
8e5f551a-04e9-4ebe-903d-4dadde8f99c8,"Tray - Foam, Square 4 - S",$20.91
2d366409-e09d-45e3-b275-4f71738b5cdb,Fruit Salad Deluxe,$26.67
cd976c1e-4314-4070-9cd3-eb412d45d78f,Wine - Tio Pepe Sherry Fino,$71.39
25b049ba-1ebb-4a2d-ba24-48634176dd4e,"Fish - Soup Base, Bouillon",$46.72
2fc4e5f8-01b0-4550-8128-ea9ea45be119,Snapple Lemon Tea,$81.10
6091e46b-648f-429f-a487-1a609a016d11,Assorted Desserts,$23.33
8e5f1fd8-0dd3-42c7-a339-7a7fd0e8052a,Beef - Diced,$41.91
7e8e60dc-a818-4cff-a715-1be54e3acc3b,Fondant - Icing,$72.10
9a6efd29-d621-4097-89d1-0c3356c0a6fb,Knife Plastic - White,$28.49
c58d0c60-087e-4415-923a-e482d4d05490,Ice Cream Bar - Rolo Cone,$24.17
62a0bce6-d95f-41d0-909a-64f02fb946e7,Wine - Chardonnay South,$48.60
c1f6c9eb-a266-4646-a50b-349e2338e0da,Corn Shoots,$72.35
4ca3c11e-c941-4d18-aee1-f8817499b212,Island Oasis - Cappucino Mix,$44.26
3b0a0668-fc4d-4e5b-85e7-95c7d407ddda,Filling - Mince Meat,$26.94
12eed8fa-bfde-42ef-80fa-6e10f1502d9e,Bread Bowl Plain,$16.11
c7e05efa-8443-4d9d-be0f-51f8eb101d59,Cabbage - Savoy,$73.44
c4b2775a-5c0e-4de4-ae91-8da55cc27c61,Sauce - Fish 25 Ozf Bottle,$67.16
26b6d269-95e3-4c60-872c-5cd10a365417,Tart - Lemon,$42.88
32d8cd3c-4abf-4391-a252-feae6ed1b9b8,Chicken - Leg / Back Attach,$54.86
a6693ab3-e4c1-4335-999b-a02349c8b8c9,Langers - Mango Nectar,$57.55
20af2aad-3914-480e-8e01-63a8baed2f64,Chicken - Wieners,$46.90
89492acf-1928-4259-9243-d3965ff1c28b,Bread - Corn Muffaletta,$28.31
7cdcc69a-3815-4963-a5c5-a8e6c69ba4a6,Pepper Squash,$21.03
1e37eba7-90db-4cc7-9041-8f034dc4d32c,"Salsify, Organic",$26.33
4222bcb4-f1a1-465a-add1-2fa473940ae7,Carbonated Water - Orange,$71.01
194bb8a9-f1cd-4df9-815d-0a5f58199670,Allspice - Jamaican,$61.86
ec64d596-ca25-49d4-983b-e8883756938b,"Quail - Whole, Boneless",$33.36
dc576dc0-ecd1-465e-abf5-479d0d8b7e77,Cheese - Colby,$54.77
01cbdcee-4e85-458a-8258-454ae3a7fef9,"Wine - Red, Concha Y Toro",$27.00
c0aaf634-c538-477d-bf0b-95f4c4328c03,Chicken - Whole,$68.23
0df98822-8b54-497b-88a4-af207a250002,"Beans - Black Bean, Dry",$12.26
dd0186cf-85a3-4826-804d-ffdcea0d308a,Cocoa Powder - Dutched,$50.00
5ca2cb5f-8a4e-4a59-a015-e37efd21a27a,"Wine - Red, Mouton Cadet",$53.63
1ab241b3-a636-4e2b-bcc3-fb39c7355ae6,"Pepper - Paprika, Hungarian",$51.19
cece499d-c855-4dea-9178-5e7e6f010dcb,The Pop Shoppe - Cream Soda,$88.20
324cc2ec-ed4a-4bef-af95-f3b48b14bdca,Sauce - Cranberry,$45.31
b9070de1-a1a1-49ae-8184-286e5c16ae98,Rice - Long Grain,$76.17
8d32ac10-63a7-48cf-8404-743dbe399cca,Lady Fingers,$31.90
9e212ac4-5907-4931-8946-eda991b5ef34,Foil Wrap,$11.18
a432cd2e-b72a-4244-9da9-26bc0c7eb33f,Cookie Dough - Oatmeal Rasin,$49.01
84501876-fcb2-43d7-b267-f67356aea10b,Cheese - Blue,$10.05
47c68e40-5a6f-4473-b69c-8248038e5f3f,Cheese - Swiss Sliced,$93.32
8877cf20-6be0-4519-b83b-35148b4bd36d,Poppy Seed,$90.28
fa26a50f-740c-4da6-8db3-50c020b451e1,"Mushroom - Shitake, Fresh",$90.05
1aaef586-5778-4a07-b6cd-43db403eb024,Ostrich - Prime Cut,$59.88
c0f60f54-3998-4848-b87b-dfb5c31a71f7,Lettuce - Belgian Endive,$60.31
2080ea68-3796-47fd-ba9b-bf435274f45f,V8 Splash Strawberry Banana,$41.63
f9c5a7a0-4d35-4ebf-aa87-ea1c45f589c6,Table Cloth 53x69 White,$53.21
3f2529c2-e036-4035-952f-65631cd1d351,"Pepsi, 355 Ml",$99.96
40ea2458-2447-4ca2-8df2-1feb6f2175e6,Syrup - Monin - Granny Smith,$90.82
f22d306c-9c6c-4748-9cd9-f4e4603d5879,Bay Leaf Fresh,$25.22
4fcae3a6-80c8-4ce0-a8ae-3b3b280e6b9f,Mustard - Pommery,$22.69
82005e24-758f-495a-abfc-af536563b1ff,Transfer Sheets,$23.23
ff320b5e-1dea-4f7a-8016-9b86231a4f29,Rice - Sushi,$60.24
058759c6-01b1-42cd-bd6b-c88970ecf79c,"Soup - Campbells, Minestrone",$72.57
e1c88d5e-5da9-47a0-9ae9-96efd999e4a1,Cheese - Cheddar With Claret,$50.07
f3969cd6-a86c-478e-b600-7dfcd7caae66,Bread - Triangle White,$82.55
ac4138c0-79d6-4cb4-b132-8d67337c4d0a,Wine - Delicato Merlot,$20.50
250ed3e2-6f52-4cf7-a78a-f38606ca0dd1,"Cookies - Oreo, 4 Pack",$42.39
76ee32df-c76f-4ac0-8593-b825ff6ca467,Sole - Iqf,$97.29
40f161bb-ef01-4d66-98a4-b46513d5584a,Vinegar - White,$46.57
859ccdba-64a6-4ac1-ad33-69020c8f566a,Nantucket - Pomegranate Pear,$58.64
522c4997-ddfe-4e8d-b246-68b30284422b,Cheese Cheddar Processed,$33.31
e64ffbfa-b40f-4799-a033-eaffb2131830,Bread - White Mini Epi,$88.38
2cc689d3-4f55-4850-ada8-9e475e4bdb41,Juice - Orangina,$75.21
bace903f-8be2-441a-91db-85d332406410,Horseradish Root,$23.80
2421f689-7d63-4dc0-8458-72ee5482a60e,Calypso - Pineapple Passion,$13.32
818ee0c9-aae6-4a4f-b86e-93d565242ebd,"Wine - Harrow Estates, Vidal",$75.63
01a1e839-837f-46d1-94e7-c0239990a667,Pears - Anjou,$99.35
f25d46a8-26dc-4f5f-8ec9-0bbb28b53d34,Bar Nature Valley,$14.20
958f9685-a195-4899-b534-97cacc4171d1,"Pasta - Gnocchi, Potato",$74.57
0b6bd7e3-e248-4047-b440-f8ae00695c6c,Maintenance Removal Charge,$26.73
cf3705e6-ab30-43e3-89d4-ffedeb559af0,"Beef - Rouladin, Sliced",$42.57
3e70cbcf-5fab-41f7-9679-138d0f5f58f4,Soap - Hand Soap,$47.23
887bc8eb-b134-48bd-b156-521da7867502,Celery Root,$67.75
d562826f-3d0d-4ff8-b5e4-0af244d0686d,Tequila - Sauza Silver,$90.75
cba1ed5f-3767-4e81-a07a-529ab56564a4,Extract - Raspberry,$76.08
1f7771c5-2469-418c-92d2-eea39a79f5c0,Passion Fruit,$20.79
2c6535b6-99cd-47be-8644-b2ba7527553c,Amaretto,$64.00
4698d840-b5d8-43c0-be04-1c46125de58e,"Water - Mineral, Carbonated",$98.09
b50d305c-66b9-4b15-b486-683bf2dbc98b,Quail - Jumbo,$53.84
9bf46646-f563-4b55-805f-2fbc8fa93cf7,Chicken - Whole,$28.48
2b6c78e7-7165-4ef4-8415-a28dec2fceaa,Sauce - Fish 25 Ozf Bottle,$75.84
9d44883c-ac18-4b6d-8e75-3db83f40e9d1,Cheese - Brick With Pepper,$79.56
39746070-a059-4190-bdfe-3bdcdaffc83c,Salt - Celery,$55.71
4e292d5a-f894-4a90-b23d-fb669ff75950,Sauce - Sesame Thai Dressing,$81.10
ab245c32-8541-4108-9e67-28324e9d5eda,Vodka - Smirnoff,$69.31
c6fa0fea-1db6-4f4d-91f8-99865868903a,Beer - Guiness,$79.01
5089cc8c-c793-491e-b3ff-e6f19d63a63b,Carbonated Water - Lemon Lime,$11.96
4f8bdde6-e1bf-4e19-b8e9-c995f283ed87,Artichoke - Fresh,$28.45
0f7610aa-ca18-4326-ae48-d8deac9f55bd,Beer - Molson Excel,$23.72
aa4b6f89-4c8d-4fe9-b8a7-b11f82efa9a2,Buffalo - Short Rib Fresh,$65.35
7c4a035a-43e0-4f4c-bcce-1ec1f09a1d20,Venison - Striploin,$42.78
9e0c13a8-35ac-4f66-b475-eee459a7c5a1,Yucca,$90.20
0b0a8e07-3da9-44a4-8edd-bbb506abf90c,Wine - Remy Pannier Rose,$26.69
