customer_id,customer_name
4a5e4d60-914b-4656-9602-787b24159c3c,Hillary Sulter
17962808-edc0-4dc9-a18d-004321b8732a,Cosetta Bysh
2fd0932f-c6f5-462b-8ba6-2b8680727d24,Florrie Handyside
8f60ff1a-20cd-4bb1-a215-5f5cd2d0630a,Erastus Pitsall
ae7bc5d2-30f7-4860-a0a8-5248de661aff,Kimberly Libbis
f95e80ae-31e2-41c9-942a-2087f8f1f9fe,Cindee Jeste
08b340c1-a164-46af-adb8-567dc5242192,Lutero Wressell
8ead59ac-9278-4fac-bf1f-4939f3fbe6c2,Kimbell Steagall
650cd098-543e-45f1-9c21-f6172f1d3799,Nicola Henker
0dc2ec14-24f8-462c-b0f4-0e48582f1e3e,Cynthie Goodredge
08013522-5bd3-42e9-9955-9bdfe10df21a,
17f206df-299b-430f-b910-56830c74698a,
e2d3e235-100d-4c28-987f-49a3ca246c63,Hailee McKomb
f4aa43e2-fcdd-4961-9dc5-5930484e0e9d,Riobard Raddan
babaca39-4469-4440-91f0-53a58d7c8282,Aubrie Lamb-shine
bd9c7fd7-e1cd-46ec-9085-1d18db37a3ce,Morlee Coch
41d4e2b8-87df-4283-95d7-55532e38ef6b,Trueman Strewthers
4d1a8af3-99a4-467f-9409-e8f19c9ff4ac,L;urette Harkins
547d1cd1-ba40-4bf9-a600-09b4b69f4130,Kelli Trenaman
3b36ab90-fa59-4d4b-b3e8-a0dd351c369a,Franciskus Agius
1bb0eb06-42e9-4c9e-9268-893c60d1d8ae,Hubey Yepiskopov
97c2fcdb-7057-4b75-b43a-c0a6bda39e39,Rutger Kohnemann
69918358-d241-4c83-b39a-a0335424baf0,Nana Beltzner
76efd356-09cf-4511-a629-9b03a9570b7d,Harper Edis
5d430885-3f36-4b90-bb4e-d28809510ed9,Dom Triplow
cdcd07da-1078-46e7-a2db-2f9e2f672bee,Janeta Bote
68cd6d83-81b7-44ea-bb78-39e383ccd34b,Amory Lishman
b67fdc96-88d9-443a-8ac6-31ef8f352ad1,Gib Belshaw
fde043ca-3b55-4bdb-b9dc-62348c691288,Suzie Dawbury
9d996b62-c9e8-4f6f-873f-0f50bad16560,
6eb5ed5c-2aba-4420-8727-2bc7ab195bd6,Johannah Eden
9e8fc7b5-c8a3-4fb2-ac58-bd99bd87c60d,Antone Lant
2fe8248b-daee-48c2-aa7f-605d9461f9ae,Orren Oke
ff9e4c0b-4b42-4417-98c0-1036d8638c5d,Flemming Thumann
102be51f-0908-440d-a285-de2d19130e08,Briano Ebbitt
b1f1db34-efb5-42e1-9fa2-288a7821816a,Kerby Bromfield
6f61cf3a-02af-4594-919e-dd6bcdfdf0ca,Chance Anderl
507252dc-6155-4ba2-9ad0-a1c47315a88a,Xenia Burbidge
84dab7b2-e462-4362-8d49-0d3a4bb83dfb,Moises Morrice
ffbcf031-0bc5-44f8-8893-7d56eae7543f,Lilllie Brightwell
35664d1a-aae7-43d0-8ced-f950e2fa845e,Milt Eallis
d201e18e-d86d-47a4-b4b6-fc739c517cef,Carilyn Chin
6e386e9e-d5b7-4579-afd7-905389014ed8,Ron Febvre
316f4cfd-00fa-43eb-8faf-5bf693e3766a,
4fdb3a67-f618-4cdf-9cab-348f19b26df1,Cynthea Hickisson
f1e6a3cd-3dce-440b-b683-e0d361c253c4,Lenette Santore
18f53794-b103-4bfc-af30-af369b6a8766,Sollie Keelan
ff9aae1a-5750-4aaf-9d9e-944296f769c0,Flory Teasell
18ab3efd-c53e-4880-9023-32620751a8b8,Sherwynd Devanney
7ba24937-28ef-4459-802c-95a489e0a2ae,
e8962769-33ca-46a3-bf04-37f284c86dcf,Dell Bennit
8fb959f7-09dd-495c-b7d5-42d7d79e992f,Ragnar Refford
20f199bf-2e88-425d-99b3-a47051046c2e,Kleon Pindell
cf236f5a-6eff-42d4-9c51-41d8824eafb3,Bettye Cripps
0a0dfd87-3cd4-435c-8625-de99f2c6cf7c,Tiphany Pash
036fdba2-6800-433a-b966-206f67819418,
71ac62cd-1b4e-40a2-b939-f237fba35458,Darryl Hickisson
49b2db85-0b50-4147-830b-e4af0c12079f,Byran Fydoe
eba0855a-9b27-46eb-8f0b-ce0631f2b4ba,Tarah Bobasch
a583ad1f-b6d9-4c11-a2f0-cc5bf0e049cc,
ec80c3fe-334c-44b6-93bc-d53678e1b6d4,
7331a516-f061-4fa8-8998-aa041416afaf,Brina Macbane
afe45487-0585-43cf-8af6-90c59721c0f4,Wolfgang Alywin
c9c6eb35-76fc-45f0-aae7-a60fd3839407,Kelci Maron
06b5d477-bf41-46cd-861b-7cfab63d974e,Bernita Ickovici
5c032ef8-c63b-4adc-b2b2-23f55659a9fa,Damien Brewis
eb3c80eb-36a4-4da1-8529-55466927c78c,
f6501bc3-eef2-4c7a-8100-3744471026d3,Norine Ely
917e33cd-4c59-4dd0-8af9-69f4bfeee6a6,Veda Wheelband
9ab38653-6513-4234-910c-baa4e327cc6b,Cornelle Birkett
d268e513-bb88-4466-9264-7b9acf1a0e50,Lola Sergent
92d888a4-79bc-4ef7-a911-323f65ad7e2f,Bethany Hardwich
c3e682a2-2fe8-4681-b91e-9fc1464541a3,
682c30ef-655a-4830-9f0f-9ffb3e0ecec6,Nariko Phillimore
2726bddf-b792-4d06-8f18-98b14b9c998f,Kamillah Manwell
071a7a01-e124-4916-ba62-63730e4562eb,Portie Pagnin
d276881b-b0d9-4be2-a36c-c7bec37a4664,Lissa Weavill
4fc4a5b9-5645-4cbd-a45c-5ada2c45c582,Craig Ewings
f66ea532-536a-4d83-a60b-521bf806b08f,Dannel Schwandner
fd54eb59-b343-47a8-aa7b-435cf8d626aa,Edee Rasper
a629b710-4a91-4dc3-862c-a3bac10bcfab,Isaac D'Angeli
645df15e-6368-4836-b912-4fd540b741ad,Killian Tombs
d3206c07-4a60-4cf7-b2a6-75fd183087b6,Ricki Claypoole
24893402-a22e-48ab-8e75-694d504c59ee,Doll Petrulis
144c5a6f-9245-486a-82fc-631c4643e2ec,
be33517e-518b-4bc1-978d-82055f5b766e,
baed951f-e051-4e43-9cbf-28f546afeebd,Allyn Knapp
8aa0702b-e191-4a0a-b29e-1f6abcbf6ccf,Randy Dabbs
bb6cb378-a9b1-4cf5-b077-e7d7401aada2,Katharina Carde
a0a3b694-7cf3-4b49-9222-cf3111ce084c,Jonell Rodinger
8e8fc5f0-318d-4221-b69e-adceabc7416f,Reinhard Haensel
bbc10d6f-f76f-415f-847d-3409800880c2,Gwyn Karlmann
38a5c983-60dc-40b0-944e-5386bf8e6cdf,Fidole Zanioletti
5af95ee8-5ac1-4221-af2c-bb1675a7e282,Zebedee Truett
6eb01ed9-4f95-4626-8f2b-6820940d91cf,Philippa Thay
0ec5e69b-b0d0-4d2f-9fc6-e6c56a6df7ee,Freddy Brooksbank
3b14f202-402f-494b-9cf9-2fcc2c731799,Odessa Enticknap
db19e7c2-4333-4328-846e-5aeee22f50b2,Korney Seyfart
cecb8427-4023-4424-9b6b-cf411aa7a675,Lizette Willwood
8e659b4d-e481-4eca-ad01-d44d1d7cf256,Kellen Nand
